نام فایل,نوع,فصل,کد کتاب,عنوان کتاب,درس,عنوان درس
C901-L01-A01.mp3,صوت,01,C901,School-books-9,L01,
C901-L01-A02.mp3,صوت,02,C901,School-books-9,L01,
C901-L01-A03.mp3,صوت,03,C901,School-books-9,L01,
C901-L01-V01.mp4,ویدیو,01,C901,School-books-9,L01,
C901-L01-V02.mp4,ویدیو,02,C901,School-books-9,L01,
C901-L01-V03.mp4,ویدیو,03,C901,School-books-9,L01,
C901-L02-A01.mp3,صوت,01,C901,School-books-9,L02,
C901-L02-A02.mp3,صوت,02,C901,School-books-9,L02,
C901-L02-A03.mp3,صوت,03,C901,School-books-9,L02,
C901-L02-V01.mp4,ویدیو,01,C901,School-books-9,L02,
C901-L02-V02.mp4,ویدیو,02,C901,School-books-9,L02,
C901-L02-V03.mp4,ویدیو,03,C901,School-books-9,L02,
C901-L03-A01.mp3,صوت,01,C901,School-books-9,L03,
C901-L03-A02.mp3,صوت,02,C901,School-books-9,L03,
C901-L03-A03.mp3,صوت,03,C901,School-books-9,L03,
C901-L03-V01.mp4,ویدیو,01,C901,School-books-9,L03,
C901-L03-V02.mp4,ویدیو,02,C901,School-books-9,L03,
C901-L03-V03.mp4,ویدیو,03,C901,School-books-9,L03,
C901-L04-A01.mp3,صوت,01,C901,School-books-9,L04,
C901-L04-A02.mp3,صوت,02,C901,School-books-9,L04,
C901-L04-A03.mp3,صوت,03,C901,School-books-9,L04,
C901-L04-V01.mp4,ویدیو,01,C901,School-books-9,L04,
C901-L04-V02.mp4,ویدیو,02,C901,School-books-9,L04,
C901-L04-V03.mp4,ویدیو,03,C901,School-books-9,L04,
C901-L05-A01.mp3,صوت,01,C901,School-books-9,L05,
C901-L05-A02.mp3,صوت,02,C901,School-books-9,L05,
C901-L05-A03.mp3,صوت,03,C901,School-books-9,L05,
C901-L05-V01.mp4,ویدیو,01,C901,School-books-9,L05,
C901-L05-V02.mp4,ویدیو,02,C901,School-books-9,L05,
C901-L05-V03.mp4,ویدیو,03,C901,School-books-9,L05,
C901-L06-A01.mp3,صوت,01,C901,School-books-9,L06,
C901-L06-A02.mp3,صوت,02,C901,School-books-9,L06,
C901-L06-A03.mp3,صوت,03,C901,School-books-9,L06,
C901-L06-V01.mp4,ویدیو,01,C901,School-books-9,L06,
C901-L06-V02.mp4,ویدیو,02,C901,School-books-9,L06,
C901-L06-V03.mp4,ویدیو,03,C901,School-books-9,L06,
C901-L07-A01.mp3,صوت,01,C901,School-books-9,L07,
C901-L07-A02.mp3,صوت,02,C901,School-books-9,L07,
C901-L07-A03.mp3,صوت,03,C901,School-books-9,L07,
C901-L07-V01.mp4,ویدیو,01,C901,School-books-9,L07,
C901-L07-V02.mp4,ویدیو,02,C901,School-books-9,L07,
C901-L07-V03.mp4,ویدیو,03,C901,School-books-9,L07,
C901-L08-A01.mp3,صوت,01,C901,School-books-9,L08,
C901-L08-A02.mp3,صوت,02,C901,School-books-9,L08,
C901-L08-A03.mp3,صوت,03,C901,School-books-9,L08,
C901-L08-V01.mp4,ویدیو,01,C901,School-books-9,L08,
C901-L08-V02.mp4,ویدیو,02,C901,School-books-9,L08,
C901-L08-V03.mp4,ویدیو,03,C901,School-books-9,L08,
C901-L09-A01.mp3,صوت,01,C901,School-books-9,L09,
C901-L09-A02.mp3,صوت,02,C901,School-books-9,L09,
C901-L09-A03.mp3,صوت,03,C901,School-books-9,L09,
C901-L09-V01.mp4,ویدیو,01,C901,School-books-9,L09,
C901-L09-V02.mp4,ویدیو,02,C901,School-books-9,L09,
C901-L09-V03.mp4,ویدیو,03,C901,School-books-9,L09,
C901-L10-A01.mp3,صوت,01,C901,School-books-9,L10,
C901-L10-A02.mp3,صوت,02,C901,School-books-9,L10,
C901-L10-A03.mp3,صوت,03,C901,School-books-9,L10,
C901-L10-V01.mp4,ویدیو,01,C901,School-books-9,L10,
C901-L10-V02.mp4,ویدیو,02,C901,School-books-9,L10,
C901-L10-V03.mp4,ویدیو,03,C901,School-books-9,L10,
C901-L11-A01.mp3,صوت,01,C901,School-books-9,L11,
C901-L11-A02.mp3,صوت,02,C901,School-books-9,L11,
C901-L11-A03.mp3,صوت,03,C901,School-books-9,L11,
C901-L11-V01.mp4,ویدیو,01,C901,School-books-9,L11,
C901-L11-V02.mp4,ویدیو,02,C901,School-books-9,L11,
C901-L11-V03.mp4,ویدیو,03,C901,School-books-9,L11,
C902-E01-L01-A01.mp3,صوت,01,C902,02 - تعلیم و تربیت اسلامی (C902),E01-L01,
C902-E01-L01-A02.mp3,صوت,02,C902,02 - تعلیم و تربیت اسلامی (C902),E01-L01,
C902-E01-L01-A03.mp3,صوت,03,C902,02 - تعلیم و تربیت اسلامی (C902),E01-L01,
C902-E01-L01-V01.mp4,ویدیو,01,C902,02 - تعلیم و تربیت اسلامی (C902),E01-L01,
C902-E01-L01-V02.mp4,ویدیو,02,C902,02 - تعلیم و تربیت اسلامی (C902),E01-L01,
C902-E01-L01-V03.mp4,ویدیو,03,C902,02 - تعلیم و تربیت اسلامی (C902),E01-L01,
C902-E01-L02-A01.mp3,صوت,01,C902,02 - تعلیم و تربیت اسلامی (C902),E01-L02,
C902-E01-L02-A02.mp3,صوت,02,C902,02 - تعلیم و تربیت اسلامی (C902),E01-L02,
C902-E01-L02-A03.mp3,صوت,03,C902,02 - تعلیم و تربیت اسلامی (C902),E01-L02,
C902-E01-L02-V01.mp4,ویدیو,01,C902,02 - تعلیم و تربیت اسلامی (C902),E01-L02,
C902-E01-L02-V02.mp4,ویدیو,02,C902,02 - تعلیم و تربیت اسلامی (C902),E01-L02,
C902-E01-L02-V03.mp4,ویدیو,03,C902,02 - تعلیم و تربیت اسلامی (C902),E01-L02,
C902-E02-L01-A01.mp3,صوت,01,C902,02 - تعلیم و تربیت اسلامی (C902),E02-L01,
C902-E02-L01-A02.mp3,صوت,02,C902,02 - تعلیم و تربیت اسلامی (C902),E02-L01,
C902-E02-L01-A03.mp3,صوت,03,C902,02 - تعلیم و تربیت اسلامی (C902),E02-L01,
C902-E02-L01-V01.mp4,ویدیو,01,C902,02 - تعلیم و تربیت اسلامی (C902),E02-L01,
C902-E02-L01-V02.mp4,ویدیو,02,C902,02 - تعلیم و تربیت اسلامی (C902),E02-L01,
C902-E02-L01-V03.mp4,ویدیو,03,C902,02 - تعلیم و تربیت اسلامی (C902),E02-L01,
C902-E02-L02-A01.mp3,صوت,01,C902,02 - تعلیم و تربیت اسلامی (C902),E02-L02,
C902-E02-L02-A02.mp3,صوت,02,C902,02 - تعلیم و تربیت اسلامی (C902),E02-L02,
C902-E02-L02-A03.mp3,صوت,03,C902,02 - تعلیم و تربیت اسلامی (C902),E02-L02,
C902-E02-L02-V01.mp4,ویدیو,01,C902,02 - تعلیم و تربیت اسلامی (C902),E02-L02,
C902-E02-L02-V02.mp4,ویدیو,02,C902,02 - تعلیم و تربیت اسلامی (C902),E02-L02,
C902-E02-L02-V03.mp4,ویدیو,03,C902,02 - تعلیم و تربیت اسلامی (C902),E02-L02,
C902-E02-L03-A01.mp3,صوت,01,C902,02 - تعلیم و تربیت اسلامی (C902),E02-L03,
C902-E02-L03-A02.mp3,صوت,02,C902,02 - تعلیم و تربیت اسلامی (C902),E02-L03,
C902-E02-L03-A03.mp3,صوت,03,C902,02 - تعلیم و تربیت اسلامی (C902),E02-L03,
C902-E02-L03-V01.mp4,ویدیو,01,C902,02 - تعلیم و تربیت اسلامی (C902),E02-L03,
C902-E02-L03-V02.mp4,ویدیو,02,C902,02 - تعلیم و تربیت اسلامی (C902),E02-L03,
C902-E02-L03-V03.mp4,ویدیو,03,C902,02 - تعلیم و تربیت اسلامی (C902),E02-L03,
C902-E03-L01-A01.mp3,صوت,01,C902,02 - تعلیم و تربیت اسلامی (C902),E03-L01,
C902-E03-L01-A02.mp3,صوت,02,C902,02 - تعلیم و تربیت اسلامی (C902),E03-L01,
C902-E03-L01-A03.mp3,صوت,03,C902,02 - تعلیم و تربیت اسلامی (C902),E03-L01,
C902-E03-L01-V01.mp4,ویدیو,01,C902,02 - تعلیم و تربیت اسلامی (C902),E03-L01,
C902-E03-L01-V02.mp4,ویدیو,02,C902,02 - تعلیم و تربیت اسلامی (C902),E03-L01,
C902-E03-L01-V03.mp4,ویدیو,03,C902,02 - تعلیم و تربیت اسلامی (C902),E03-L01,
C902-E03-L02-A01.mp3,صوت,01,C902,02 - تعلیم و تربیت اسلامی (C902),E03-L02,
C902-E03-L02-A02.mp3,صوت,02,C902,02 - تعلیم و تربیت اسلامی (C902),E03-L02,
C902-E03-L02-A03.mp3,صوت,03,C902,02 - تعلیم و تربیت اسلامی (C902),E03-L02,
C902-E03-L02-V01.mp4,ویدیو,01,C902,02 - تعلیم و تربیت اسلامی (C902),E03-L02,
C902-E03-L02-V02.mp4,ویدیو,02,C902,02 - تعلیم و تربیت اسلامی (C902),E03-L02,
C902-E03-L02-V03.mp4,ویدیو,03,C902,02 - تعلیم و تربیت اسلامی (C902),E03-L02,
C902-E04-L01-A01.mp3,صوت,01,C902,02 - تعلیم و تربیت اسلامی (C902),E04-L01,
C902-E04-L01-A02.mp3,صوت,02,C902,02 - تعلیم و تربیت اسلامی (C902),E04-L01,
C902-E04-L01-A03.mp3,صوت,03,C902,02 - تعلیم و تربیت اسلامی (C902),E04-L01,
C902-E04-L01-V01.mp4,ویدیو,01,C902,02 - تعلیم و تربیت اسلامی (C902),E04-L01,
C902-E04-L01-V02.mp4,ویدیو,02,C902,02 - تعلیم و تربیت اسلامی (C902),E04-L01,
C902-E04-L01-V03.mp4,ویدیو,03,C902,02 - تعلیم و تربیت اسلامی (C902),E04-L01,
C902-E05-L01-A01.mp3,صوت,01,C902,02 - تعلیم و تربیت اسلامی (C902),E05-L01,
C902-E05-L01-A02.mp3,صوت,02,C902,02 - تعلیم و تربیت اسلامی (C902),E05-L01,
C902-E05-L01-A03.mp3,صوت,03,C902,02 - تعلیم و تربیت اسلامی (C902),E05-L01,
C902-E05-L01-V01.mp4,ویدیو,01,C902,02 - تعلیم و تربیت اسلامی (C902),E05-L01,
C902-E05-L01-V02.mp4,ویدیو,02,C902,02 - تعلیم و تربیت اسلامی (C902),E05-L01,
C902-E05-L01-V03.mp4,ویدیو,03,C902,02 - تعلیم و تربیت اسلامی (C902),E05-L01,
C902-E05-L02-A01.mp3,صوت,01,C902,02 - تعلیم و تربیت اسلامی (C902),E05-L02,
C902-E05-L02-A02.mp3,صوت,02,C902,02 - تعلیم و تربیت اسلامی (C902),E05-L02,
C902-E05-L02-A03.mp3,صوت,03,C902,02 - تعلیم و تربیت اسلامی (C902),E05-L02,
C902-E05-L02-V01.mp4,ویدیو,01,C902,02 - تعلیم و تربیت اسلامی (C902),E05-L02,
C902-E05-L02-V02.mp4,ویدیو,02,C902,02 - تعلیم و تربیت اسلامی (C902),E05-L02,
C902-E05-L02-V03.mp4,ویدیو,03,C902,02 - تعلیم و تربیت اسلامی (C902),E05-L02,
C902-E05-L03-A01.mp3,صوت,01,C902,02 - تعلیم و تربیت اسلامی (C902),E05-L03,
C902-E05-L03-A02.mp3,صوت,02,C902,02 - تعلیم و تربیت اسلامی (C902),E05-L03,
C902-E05-L03-A03.mp3,صوت,03,C902,02 - تعلیم و تربیت اسلامی (C902),E05-L03,
C902-E05-L03-V01.mp4,ویدیو,01,C902,02 - تعلیم و تربیت اسلامی (C902),E05-L03,
C902-E05-L03-V02.mp4,ویدیو,02,C902,02 - تعلیم و تربیت اسلامی (C902),E05-L03,
C902-E05-L03-V03.mp4,ویدیو,03,C902,02 - تعلیم و تربیت اسلامی (C902),E05-L03,
C902-E05-L04-A01.mp3,صوت,01,C902,02 - تعلیم و تربیت اسلامی (C902),E05-L04,
C902-E05-L04-A02.mp3,صوت,02,C902,02 - تعلیم و تربیت اسلامی (C902),E05-L04,
C902-E05-L04-A03.mp3,صوت,03,C902,02 - تعلیم و تربیت اسلامی (C902),E05-L04,
C902-E05-L04-V01.mp4,ویدیو,01,C902,02 - تعلیم و تربیت اسلامی (C902),E05-L04,
C902-E05-L04-V02.mp4,ویدیو,02,C902,02 - تعلیم و تربیت اسلامی (C902),E05-L04,
C902-E05-L04-V03.mp4,ویدیو,03,C902,02 - تعلیم و تربیت اسلامی (C902),E05-L04,
C903-E01-L01-A01.mp3,صوت,01,C903,03 - فارسی (C903),E01-L01,
C903-E01-L01-A02.mp3,صوت,02,C903,03 - فارسی (C903),E01-L01,
C903-E01-L01-A03.mp3,صوت,03,C903,03 - فارسی (C903),E01-L01,
C903-E01-L01-V01.mp4,ویدیو,01,C903,03 - فارسی (C903),E01-L01,
C903-E01-L01-V02.mp4,ویدیو,02,C903,03 - فارسی (C903),E01-L01,
C903-E01-L01-V03.mp4,ویدیو,03,C903,03 - فارسی (C903),E01-L01,
C903-E01-L02-A01.mp3,صوت,01,C903,03 - فارسی (C903),E01-L02,
C903-E01-L02-A02.mp3,صوت,02,C903,03 - فارسی (C903),E01-L02,
C903-E01-L02-A03.mp3,صوت,03,C903,03 - فارسی (C903),E01-L02,
C903-E01-L02-V01.mp4,ویدیو,01,C903,03 - فارسی (C903),E01-L02,
C903-E01-L02-V02.mp4,ویدیو,02,C903,03 - فارسی (C903),E01-L02,
C903-E01-L02-V03.mp4,ویدیو,03,C903,03 - فارسی (C903),E01-L02,
C903-E01-L03-A01.mp3,صوت,01,C903,03 - فارسی (C903),E01-L03,
C903-E01-L03-A02.mp3,صوت,02,C903,03 - فارسی (C903),E01-L03,
C903-E01-L03-A03.mp3,صوت,03,C903,03 - فارسی (C903),E01-L03,
C903-E01-L03-V01.mp4,ویدیو,01,C903,03 - فارسی (C903),E01-L03,
C903-E01-L03-V02.mp4,ویدیو,02,C903,03 - فارسی (C903),E01-L03,
C903-E01-L03-V03.mp4,ویدیو,03,C903,03 - فارسی (C903),E01-L03,
C903-E01-L04-A01.mp3,صوت,01,C903,03 - فارسی (C903),E01-L04,
C903-E01-L04-A02.mp3,صوت,02,C903,03 - فارسی (C903),E01-L04,
C903-E01-L04-A03.mp3,صوت,03,C903,03 - فارسی (C903),E01-L04,
C903-E01-L04-V01.mp4,ویدیو,01,C903,03 - فارسی (C903),E01-L04,
C903-E01-L04-V02.mp4,ویدیو,02,C903,03 - فارسی (C903),E01-L04,
C903-E01-L04-V03.mp4,ویدیو,03,C903,03 - فارسی (C903),E01-L04,
C903-E02-L01-A01.mp3,صوت,01,C903,03 - فارسی (C903),E02-L01,
C903-E02-L01-A02.mp3,صوت,02,C903,03 - فارسی (C903),E02-L01,
C903-E02-L01-A03.mp3,صوت,03,C903,03 - فارسی (C903),E02-L01,
C903-E02-L01-V01.mp4,ویدیو,01,C903,03 - فارسی (C903),E02-L01,
C903-E02-L01-V02.mp4,ویدیو,02,C903,03 - فارسی (C903),E02-L01,
C903-E02-L01-V03.mp4,ویدیو,03,C903,03 - فارسی (C903),E02-L01,
C903-E02-L02-A01.mp3,صوت,01,C903,03 - فارسی (C903),E02-L02,
C903-E02-L02-A02.mp3,صوت,02,C903,03 - فارسی (C903),E02-L02,
C903-E02-L02-A03.mp3,صوت,03,C903,03 - فارسی (C903),E02-L02,
C903-E02-L02-V01.mp4,ویدیو,01,C903,03 - فارسی (C903),E02-L02,
C903-E02-L02-V02.mp4,ویدیو,02,C903,03 - فارسی (C903),E02-L02,
C903-E02-L02-V03.mp4,ویدیو,03,C903,03 - فارسی (C903),E02-L02,
C903-E02-L03-A01.mp3,صوت,01,C903,03 - فارسی (C903),E02-L03,
C903-E02-L03-A02.mp3,صوت,02,C903,03 - فارسی (C903),E02-L03,
C903-E02-L03-A03.mp3,صوت,03,C903,03 - فارسی (C903),E02-L03,
C903-E02-L03-V01.mp4,ویدیو,01,C903,03 - فارسی (C903),E02-L03,
C903-E02-L03-V02.mp4,ویدیو,02,C903,03 - فارسی (C903),E02-L03,
C903-E02-L03-V03.mp4,ویدیو,03,C903,03 - فارسی (C903),E02-L03,
C903-E02-L04-A01.mp3,صوت,01,C903,03 - فارسی (C903),E02-L04,
C903-E02-L04-A02.mp3,صوت,02,C903,03 - فارسی (C903),E02-L04,
C903-E02-L04-A03.mp3,صوت,03,C903,03 - فارسی (C903),E02-L04,
C903-E02-L04-V01.mp4,ویدیو,01,C903,03 - فارسی (C903),E02-L04,
C903-E02-L04-V02.mp4,ویدیو,02,C903,03 - فارسی (C903),E02-L04,
C903-E02-L04-V03.mp4,ویدیو,03,C903,03 - فارسی (C903),E02-L04,
C903-E03-L01-A01.mp3,صوت,01,C903,03 - فارسی (C903),E03-L01,
C903-E03-L01-A02.mp3,صوت,02,C903,03 - فارسی (C903),E03-L01,
C903-E03-L01-A03.mp3,صوت,03,C903,03 - فارسی (C903),E03-L01,
C903-E03-L01-V01.mp4,ویدیو,01,C903,03 - فارسی (C903),E03-L01,
C903-E03-L01-V02.mp4,ویدیو,02,C903,03 - فارسی (C903),E03-L01,
C903-E03-L01-V03.mp4,ویدیو,03,C903,03 - فارسی (C903),E03-L01,
C903-E03-L02-A01.mp3,صوت,01,C903,03 - فارسی (C903),E03-L02,
C903-E03-L02-A02.mp3,صوت,02,C903,03 - فارسی (C903),E03-L02,
C903-E03-L02-A03.mp3,صوت,03,C903,03 - فارسی (C903),E03-L02,
C903-E03-L02-V01.mp4,ویدیو,01,C903,03 - فارسی (C903),E03-L02,
C903-E03-L02-V02.mp4,ویدیو,02,C903,03 - فارسی (C903),E03-L02,
C903-E03-L02-V03.mp4,ویدیو,03,C903,03 - فارسی (C903),E03-L02,
C903-E03-L03-A01.mp3,صوت,01,C903,03 - فارسی (C903),E03-L03,
C903-E03-L03-A02.mp3,صوت,02,C903,03 - فارسی (C903),E03-L03,
C903-E03-L03-A03.mp3,صوت,03,C903,03 - فارسی (C903),E03-L03,
C903-E03-L03-V01.mp4,ویدیو,01,C903,03 - فارسی (C903),E03-L03,
C903-E03-L03-V02.mp4,ویدیو,02,C903,03 - فارسی (C903),E03-L03,
C903-E03-L03-V03.mp4,ویدیو,03,C903,03 - فارسی (C903),E03-L03,
C903-E04-L01-A01.mp3,صوت,01,C903,03 - فارسی (C903),E04-L01,
C903-E04-L01-A02.mp3,صوت,02,C903,03 - فارسی (C903),E04-L01,
C903-E04-L01-A03.mp3,صوت,03,C903,03 - فارسی (C903),E04-L01,
C903-E04-L01-V01.mp4,ویدیو,01,C903,03 - فارسی (C903),E04-L01,
C903-E04-L01-V02.mp4,ویدیو,02,C903,03 - فارسی (C903),E04-L01,
C903-E04-L01-V03.mp4,ویدیو,03,C903,03 - فارسی (C903),E04-L01,
C903-E04-L02-A01.mp3,صوت,01,C903,03 - فارسی (C903),E04-L02,
C903-E04-L02-A02.mp3,صوت,02,C903,03 - فارسی (C903),E04-L02,
C903-E04-L02-A03.mp3,صوت,03,C903,03 - فارسی (C903),E04-L02,
C903-E04-L02-V01.mp4,ویدیو,01,C903,03 - فارسی (C903),E04-L02,
C903-E04-L02-V02.mp4,ویدیو,02,C903,03 - فارسی (C903),E04-L02,
C903-E04-L02-V03.mp4,ویدیو,03,C903,03 - فارسی (C903),E04-L02,
C903-E04-L03-A01.mp3,صوت,01,C903,03 - فارسی (C903),E04-L03,
C903-E04-L03-A02.mp3,صوت,02,C903,03 - فارسی (C903),E04-L03,
C903-E04-L03-A03.mp3,صوت,03,C903,03 - فارسی (C903),E04-L03,
C903-E04-L03-V01.mp4,ویدیو,01,C903,03 - فارسی (C903),E04-L03,
C903-E04-L03-V02.mp4,ویدیو,02,C903,03 - فارسی (C903),E04-L03,
C903-E04-L03-V03.mp4,ویدیو,03,C903,03 - فارسی (C903),E04-L03,
C903-E04-L04-A01.mp3,صوت,01,C903,03 - فارسی (C903),E04-L04,
C903-E04-L04-A02.mp3,صوت,02,C903,03 - فارسی (C903),E04-L04,
C903-E04-L04-A03.mp3,صوت,03,C903,03 - فارسی (C903),E04-L04,
C903-E04-L04-V01.mp4,ویدیو,01,C903,03 - فارسی (C903),E04-L04,
C903-E04-L04-V02.mp4,ویدیو,02,C903,03 - فارسی (C903),E04-L04,
C903-E04-L04-V03.mp4,ویدیو,03,C903,03 - فارسی (C903),E04-L04,
C903-E04-L05-A01.mp3,صوت,01,C903,03 - فارسی (C903),E04-L05,
C903-E04-L05-A02.mp3,صوت,02,C903,03 - فارسی (C903),E04-L05,
C903-E04-L05-A03.mp3,صوت,03,C903,03 - فارسی (C903),E04-L05,
C903-E04-L05-V01.mp4,ویدیو,01,C903,03 - فارسی (C903),E04-L05,
C903-E04-L05-V02.mp4,ویدیو,02,C903,03 - فارسی (C903),E04-L05,
C903-E04-L05-V03.mp4,ویدیو,03,C903,03 - فارسی (C903),E04-L05,
C903-E05-L01-A01.mp3,صوت,01,C903,03 - فارسی (C903),E05-L01,
C903-E05-L01-A02.mp3,صوت,02,C903,03 - فارسی (C903),E05-L01,
C903-E05-L01-A03.mp3,صوت,03,C903,03 - فارسی (C903),E05-L01,
C903-E05-L01-V01.mp4,ویدیو,01,C903,03 - فارسی (C903),E05-L01,
C903-E05-L01-V02.mp4,ویدیو,02,C903,03 - فارسی (C903),E05-L01,
C903-E05-L01-V03.mp4,ویدیو,03,C903,03 - فارسی (C903),E05-L01,
C903-E05-L02-A01.mp3,صوت,01,C903,03 - فارسی (C903),E05-L02,
C903-E05-L02-A02.mp3,صوت,02,C903,03 - فارسی (C903),E05-L02,
C903-E05-L02-A03.mp3,صوت,03,C903,03 - فارسی (C903),E05-L02,
C903-E05-L02-V01.mp4,ویدیو,01,C903,03 - فارسی (C903),E05-L02,
C903-E05-L02-V02.mp4,ویدیو,02,C903,03 - فارسی (C903),E05-L02,
C903-E05-L02-V03.mp4,ویدیو,03,C903,03 - فارسی (C903),E05-L02,
C903-E05-L03-A01.mp3,صوت,01,C903,03 - فارسی (C903),E05-L03,
C903-E05-L03-A02.mp3,صوت,02,C903,03 - فارسی (C903),E05-L03,
C903-E05-L03-A03.mp3,صوت,03,C903,03 - فارسی (C903),E05-L03,
C903-E05-L03-V01.mp4,ویدیو,01,C903,03 - فارسی (C903),E05-L03,
C903-E05-L03-V02.mp4,ویدیو,02,C903,03 - فارسی (C903),E05-L03,
C903-E05-L03-V03.mp4,ویدیو,03,C903,03 - فارسی (C903),E05-L03,
C903-E05-L04-A01.mp3,صوت,01,C903,03 - فارسی (C903),E05-L04,
C903-E05-L04-A02.mp3,صوت,02,C903,03 - فارسی (C903),E05-L04,
C903-E05-L04-A03.mp3,صوت,03,C903,03 - فارسی (C903),E05-L04,
C903-E05-L04-V01.mp4,ویدیو,01,C903,03 - فارسی (C903),E05-L04,
C903-E05-L04-V02.mp4,ویدیو,02,C903,03 - فارسی (C903),E05-L04,
C903-E05-L04-V03.mp4,ویدیو,03,C903,03 - فارسی (C903),E05-L04,
C903-E05-L05-A01.mp3,صوت,01,C903,03 - فارسی (C903),E05-L05,
C903-E05-L05-A02.mp3,صوت,02,C903,03 - فارسی (C903),E05-L05,
C903-E05-L05-A03.mp3,صوت,03,C903,03 - فارسی (C903),E05-L05,
C903-E05-L05-V01.mp4,ویدیو,01,C903,03 - فارسی (C903),E05-L05,
C903-E05-L05-V02.mp4,ویدیو,02,C903,03 - فارسی (C903),E05-L05,
C903-E05-L05-V03.mp4,ویدیو,03,C903,03 - فارسی (C903),E05-L05,
C903-E06-L01-A01.mp3,صوت,01,C903,03 - فارسی (C903),E06-L01,
C903-E06-L01-A02.mp3,صوت,02,C903,03 - فارسی (C903),E06-L01,
C903-E06-L01-A03.mp3,صوت,03,C903,03 - فارسی (C903),E06-L01,
C903-E06-L01-V01.mp4,ویدیو,01,C903,03 - فارسی (C903),E06-L01,
C903-E06-L01-V02.mp4,ویدیو,02,C903,03 - فارسی (C903),E06-L01,
C903-E06-L01-V03.mp4,ویدیو,03,C903,03 - فارسی (C903),E06-L01,
C903-E06-L02-A01.mp3,صوت,01,C903,03 - فارسی (C903),E06-L02,
C903-E06-L02-A02.mp3,صوت,02,C903,03 - فارسی (C903),E06-L02,
C903-E06-L02-A03.mp3,صوت,03,C903,03 - فارسی (C903),E06-L02,
C903-E06-L02-V01.mp4,ویدیو,01,C903,03 - فارسی (C903),E06-L02,
C903-E06-L02-V02.mp4,ویدیو,02,C903,03 - فارسی (C903),E06-L02,
C903-E06-L02-V03.mp4,ویدیو,03,C903,03 - فارسی (C903),E06-L02,
C903-E06-L03-A01.mp3,صوت,01,C903,03 - فارسی (C903),E06-L03,
C903-E06-L03-A02.mp3,صوت,02,C903,03 - فارسی (C903),E06-L03,
C903-E06-L03-A03.mp3,صوت,03,C903,03 - فارسی (C903),E06-L03,
C903-E06-L03-V01.mp4,ویدیو,01,C903,03 - فارسی (C903),E06-L03,
C903-E06-L03-V02.mp4,ویدیو,02,C903,03 - فارسی (C903),E06-L03,
C903-E06-L03-V03.mp4,ویدیو,03,C903,03 - فارسی (C903),E06-L03,
C903-E06-L04-A01.mp3,صوت,01,C903,03 - فارسی (C903),E06-L04,
C903-E06-L04-A02.mp3,صوت,02,C903,03 - فارسی (C903),E06-L04,
C903-E06-L04-A03.mp3,صوت,03,C903,03 - فارسی (C903),E06-L04,
C903-E06-L04-V01.mp4,ویدیو,01,C903,03 - فارسی (C903),E06-L04,
C903-E06-L04-V02.mp4,ویدیو,02,C903,03 - فارسی (C903),E06-L04,
C903-E06-L04-V03.mp4,ویدیو,03,C903,03 - فارسی (C903),E06-L04,
C903-E06-L05-A01.mp3,صوت,01,C903,03 - فارسی (C903),E06-L05,
C903-E06-L05-A02.mp3,صوت,02,C903,03 - فارسی (C903),E06-L05,
C903-E06-L05-A03.mp3,صوت,03,C903,03 - فارسی (C903),E06-L05,
C903-E06-L05-V01.mp4,ویدیو,01,C903,03 - فارسی (C903),E06-L05,
C903-E06-L05-V02.mp4,ویدیو,02,C903,03 - فارسی (C903),E06-L05,
C903-E06-L05-V03.mp4,ویدیو,03,C903,03 - فارسی (C903),E06-L05,
C903-E07-L01-A01.mp3,صوت,01,C903,03 - فارسی (C903),E07-L01,
C903-E07-L01-A02.mp3,صوت,02,C903,03 - فارسی (C903),E07-L01,
C903-E07-L01-A03.mp3,صوت,03,C903,03 - فارسی (C903),E07-L01,
C903-E07-L01-V01.mp4,ویدیو,01,C903,03 - فارسی (C903),E07-L01,
C903-E07-L01-V02.mp4,ویدیو,02,C903,03 - فارسی (C903),E07-L01,
C903-E07-L01-V03.mp4,ویدیو,03,C903,03 - فارسی (C903),E07-L01,
C903-E07-L02-A01.mp3,صوت,01,C903,03 - فارسی (C903),E07-L02,
C903-E07-L02-A02.mp3,صوت,02,C903,03 - فارسی (C903),E07-L02,
C903-E07-L02-A03.mp3,صوت,03,C903,03 - فارسی (C903),E07-L02,
C903-E07-L02-V01.mp4,ویدیو,01,C903,03 - فارسی (C903),E07-L02,
C903-E07-L02-V02.mp4,ویدیو,02,C903,03 - فارسی (C903),E07-L02,
C903-E07-L02-V03.mp4,ویدیو,03,C903,03 - فارسی (C903),E07-L02,
C903-E08-L01-A01.mp3,صوت,01,C903,03 - فارسی (C903),E08-L01,
C903-E08-L01-A02.mp3,صوت,02,C903,03 - فارسی (C903),E08-L01,
C903-E08-L01-A03.mp3,صوت,03,C903,03 - فارسی (C903),E08-L01,
C903-E08-L01-V01.mp4,ویدیو,01,C903,03 - فارسی (C903),E08-L01,
C903-E08-L01-V02.mp4,ویدیو,02,C903,03 - فارسی (C903),E08-L01,
C903-E08-L01-V03.mp4,ویدیو,03,C903,03 - فارسی (C903),E08-L01,
C903-E08-L02-A01.mp3,صوت,01,C903,03 - فارسی (C903),E08-L02,
C903-E08-L02-A02.mp3,صوت,02,C903,03 - فارسی (C903),E08-L02,
C903-E08-L02-A03.mp3,صوت,03,C903,03 - فارسی (C903),E08-L02,
C903-E08-L02-V01.mp4,ویدیو,01,C903,03 - فارسی (C903),E08-L02,
C903-E08-L02-V02.mp4,ویدیو,02,C903,03 - فارسی (C903),E08-L02,
C903-E08-L02-V03.mp4,ویدیو,03,C903,03 - فارسی (C903),E08-L02,
C903-E08-L03-A01.mp3,صوت,01,C903,03 - فارسی (C903),E08-L03,
C903-E08-L03-A02.mp3,صوت,02,C903,03 - فارسی (C903),E08-L03,
C903-E08-L03-A03.mp3,صوت,03,C903,03 - فارسی (C903),E08-L03,
C903-E08-L03-V01.mp4,ویدیو,01,C903,03 - فارسی (C903),E08-L03,
C903-E08-L03-V02.mp4,ویدیو,02,C903,03 - فارسی (C903),E08-L03,
C903-E08-L03-V03.mp4,ویدیو,03,C903,03 - فارسی (C903),E08-L03,
C904-L01-A01.mp3,صوت,01,C904,School-books-9,L01,
C904-L01-A02.mp3,صوت,02,C904,School-books-9,L01,
C904-L01-A03.mp3,صوت,03,C904,School-books-9,L01,
C904-L01-V01.mp4,ویدیو,01,C904,School-books-9,L01,
C904-L01-V02.mp4,ویدیو,02,C904,School-books-9,L01,
C904-L01-V03.mp4,ویدیو,03,C904,School-books-9,L01,
C904-L02-A01.mp3,صوت,01,C904,School-books-9,L02,
C904-L02-A02.mp3,صوت,02,C904,School-books-9,L02,
C904-L02-A03.mp3,صوت,03,C904,School-books-9,L02,
C904-L02-V01.mp4,ویدیو,01,C904,School-books-9,L02,
C904-L02-V02.mp4,ویدیو,02,C904,School-books-9,L02,
C904-L02-V03.mp4,ویدیو,03,C904,School-books-9,L02,
C904-L03-A01.mp3,صوت,01,C904,School-books-9,L03,
C904-L03-A02.mp3,صوت,02,C904,School-books-9,L03,
C904-L03-A03.mp3,صوت,03,C904,School-books-9,L03,
C904-L03-V01.mp4,ویدیو,01,C904,School-books-9,L03,
C904-L03-V02.mp4,ویدیو,02,C904,School-books-9,L03,
C904-L03-V03.mp4,ویدیو,03,C904,School-books-9,L03,
C904-L04-A01.mp3,صوت,01,C904,School-books-9,L04,
C904-L04-A02.mp3,صوت,02,C904,School-books-9,L04,
C904-L04-A03.mp3,صوت,03,C904,School-books-9,L04,
C904-L04-V01.mp4,ویدیو,01,C904,School-books-9,L04,
C904-L04-V02.mp4,ویدیو,02,C904,School-books-9,L04,
C904-L04-V03.mp4,ویدیو,03,C904,School-books-9,L04,
C904-L05-A01.mp3,صوت,01,C904,School-books-9,L05,
C904-L05-A02.mp3,صوت,02,C904,School-books-9,L05,
C904-L05-A03.mp3,صوت,03,C904,School-books-9,L05,
C904-L05-V01.mp4,ویدیو,01,C904,School-books-9,L05,
C904-L05-V02.mp4,ویدیو,02,C904,School-books-9,L05,
C904-L05-V03.mp4,ویدیو,03,C904,School-books-9,L05,
C904-L06-A01.mp3,صوت,01,C904,School-books-9,L06,
C904-L06-A02.mp3,صوت,02,C904,School-books-9,L06,
C904-L06-A03.mp3,صوت,03,C904,School-books-9,L06,
C904-L06-V01.mp4,ویدیو,01,C904,School-books-9,L06,
C904-L06-V02.mp4,ویدیو,02,C904,School-books-9,L06,
C904-L06-V03.mp4,ویدیو,03,C904,School-books-9,L06,
C904-L07-A01.mp3,صوت,01,C904,School-books-9,L07,
C904-L07-A02.mp3,صوت,02,C904,School-books-9,L07,
C904-L07-A03.mp3,صوت,03,C904,School-books-9,L07,
C904-L07-V01.mp4,ویدیو,01,C904,School-books-9,L07,
C904-L07-V02.mp4,ویدیو,02,C904,School-books-9,L07,
C904-L07-V03.mp4,ویدیو,03,C904,School-books-9,L07,
C904-L08-A01.mp3,صوت,01,C904,School-books-9,L08,
C904-L08-A02.mp3,صوت,02,C904,School-books-9,L08,
C904-L08-A03.mp3,صوت,03,C904,School-books-9,L08,
C904-L08-V01.mp4,ویدیو,01,C904,School-books-9,L08,
C904-L08-V02.mp4,ویدیو,02,C904,School-books-9,L08,
C904-L08-V03.mp4,ویدیو,03,C904,School-books-9,L08,
C905-E01-L01-A01.mp3,صوت,01,C905,05 - ریاضی (C905),E01-L01,
C905-E01-L01-A02.mp3,صوت,02,C905,05 - ریاضی (C905),E01-L01,
C905-E01-L01-A03.mp3,صوت,03,C905,05 - ریاضی (C905),E01-L01,
C905-E01-L01-V01.mp4,ویدیو,01,C905,05 - ریاضی (C905),E01-L01,
C905-E01-L01-V02.mp4,ویدیو,02,C905,05 - ریاضی (C905),E01-L01,
C905-E01-L01-V03.mp4,ویدیو,03,C905,05 - ریاضی (C905),E01-L01,
C905-E01-L02-A01.mp3,صوت,01,C905,05 - ریاضی (C905),E01-L02,
C905-E01-L02-A02.mp3,صوت,02,C905,05 - ریاضی (C905),E01-L02,
C905-E01-L02-A03.mp3,صوت,03,C905,05 - ریاضی (C905),E01-L02,
C905-E01-L02-V01.mp4,ویدیو,01,C905,05 - ریاضی (C905),E01-L02,
C905-E01-L02-V02.mp4,ویدیو,02,C905,05 - ریاضی (C905),E01-L02,
C905-E01-L02-V03.mp4,ویدیو,03,C905,05 - ریاضی (C905),E01-L02,
C905-E01-L03-A01.mp3,صوت,01,C905,05 - ریاضی (C905),E01-L03,
C905-E01-L03-A02.mp3,صوت,02,C905,05 - ریاضی (C905),E01-L03,
C905-E01-L03-A03.mp3,صوت,03,C905,05 - ریاضی (C905),E01-L03,
C905-E01-L03-V01.mp4,ویدیو,01,C905,05 - ریاضی (C905),E01-L03,
C905-E01-L03-V02.mp4,ویدیو,02,C905,05 - ریاضی (C905),E01-L03,
C905-E01-L03-V03.mp4,ویدیو,03,C905,05 - ریاضی (C905),E01-L03,
C905-E01-L04-A01.mp3,صوت,01,C905,05 - ریاضی (C905),E01-L04,
C905-E01-L04-A02.mp3,صوت,02,C905,05 - ریاضی (C905),E01-L04,
C905-E01-L04-A03.mp3,صوت,03,C905,05 - ریاضی (C905),E01-L04,
C905-E01-L04-V01.mp4,ویدیو,01,C905,05 - ریاضی (C905),E01-L04,
C905-E01-L04-V02.mp4,ویدیو,02,C905,05 - ریاضی (C905),E01-L04,
C905-E01-L04-V03.mp4,ویدیو,03,C905,05 - ریاضی (C905),E01-L04,
C905-E01-R01-A01.mp3,صوت,01,C905,05 - ریاضی (C905),E01-R01,
C905-E01-R01-A02.mp3,صوت,02,C905,05 - ریاضی (C905),E01-R01,
C905-E01-R01-A03.mp3,صوت,03,C905,05 - ریاضی (C905),E01-R01,
C905-E01-R01-V01.mp4,ویدیو,01,C905,05 - ریاضی (C905),E01-R01,
C905-E01-R01-V02.mp4,ویدیو,02,C905,05 - ریاضی (C905),E01-R01,
C905-E01-R01-V03.mp4,ویدیو,03,C905,05 - ریاضی (C905),E01-R01,
C905-E02-L01-A01.mp3,صوت,01,C905,05 - ریاضی (C905),E02-L01,
C905-E02-L01-A02.mp3,صوت,02,C905,05 - ریاضی (C905),E02-L01,
C905-E02-L01-A03.mp3,صوت,03,C905,05 - ریاضی (C905),E02-L01,
C905-E02-L01-V01.mp4,ویدیو,01,C905,05 - ریاضی (C905),E02-L01,
C905-E02-L01-V02.mp4,ویدیو,02,C905,05 - ریاضی (C905),E02-L01,
C905-E02-L01-V03.mp4,ویدیو,03,C905,05 - ریاضی (C905),E02-L01,
C905-E02-L02-A01.mp3,صوت,01,C905,05 - ریاضی (C905),E02-L02,
C905-E02-L02-A02.mp3,صوت,02,C905,05 - ریاضی (C905),E02-L02,
C905-E02-L02-A03.mp3,صوت,03,C905,05 - ریاضی (C905),E02-L02,
C905-E02-L02-V01.mp4,ویدیو,01,C905,05 - ریاضی (C905),E02-L02,
C905-E02-L02-V02.mp4,ویدیو,02,C905,05 - ریاضی (C905),E02-L02,
C905-E02-L02-V03.mp4,ویدیو,03,C905,05 - ریاضی (C905),E02-L02,
C905-E02-L03-A01.mp3,صوت,01,C905,05 - ریاضی (C905),E02-L03,
C905-E02-L03-A02.mp3,صوت,02,C905,05 - ریاضی (C905),E02-L03,
C905-E02-L03-A03.mp3,صوت,03,C905,05 - ریاضی (C905),E02-L03,
C905-E02-L03-V01.mp4,ویدیو,01,C905,05 - ریاضی (C905),E02-L03,
C905-E02-L03-V02.mp4,ویدیو,02,C905,05 - ریاضی (C905),E02-L03,
C905-E02-L03-V03.mp4,ویدیو,03,C905,05 - ریاضی (C905),E02-L03,
C905-E03-L01-A01.mp3,صوت,01,C905,05 - ریاضی (C905),E03-L01,
C905-E03-L01-A02.mp3,صوت,02,C905,05 - ریاضی (C905),E03-L01,
C905-E03-L01-A03.mp3,صوت,03,C905,05 - ریاضی (C905),E03-L01,
C905-E03-L01-V01.mp4,ویدیو,01,C905,05 - ریاضی (C905),E03-L01,
C905-E03-L01-V02.mp4,ویدیو,02,C905,05 - ریاضی (C905),E03-L01,
C905-E03-L01-V03.mp4,ویدیو,03,C905,05 - ریاضی (C905),E03-L01,
C905-E03-L02-A01.mp3,صوت,01,C905,05 - ریاضی (C905),E03-L02,
C905-E03-L02-A02.mp3,صوت,02,C905,05 - ریاضی (C905),E03-L02,
C905-E03-L02-A03.mp3,صوت,03,C905,05 - ریاضی (C905),E03-L02,
C905-E03-L02-V01.mp4,ویدیو,01,C905,05 - ریاضی (C905),E03-L02,
C905-E03-L02-V02.mp4,ویدیو,02,C905,05 - ریاضی (C905),E03-L02,
C905-E03-L02-V03.mp4,ویدیو,03,C905,05 - ریاضی (C905),E03-L02,
C905-E03-L03-A01.mp3,صوت,01,C905,05 - ریاضی (C905),E03-L03,
C905-E03-L03-A02.mp3,صوت,02,C905,05 - ریاضی (C905),E03-L03,
C905-E03-L03-A03.mp3,صوت,03,C905,05 - ریاضی (C905),E03-L03,
C905-E03-L03-V01.mp4,ویدیو,01,C905,05 - ریاضی (C905),E03-L03,
C905-E03-L03-V02.mp4,ویدیو,02,C905,05 - ریاضی (C905),E03-L03,
C905-E03-L03-V03.mp4,ویدیو,03,C905,05 - ریاضی (C905),E03-L03,
C905-E03-L04-A01.mp3,صوت,01,C905,05 - ریاضی (C905),E03-L04,
C905-E03-L04-A02.mp3,صوت,02,C905,05 - ریاضی (C905),E03-L04,
C905-E03-L04-A03.mp3,صوت,03,C905,05 - ریاضی (C905),E03-L04,
C905-E03-L04-V01.mp4,ویدیو,01,C905,05 - ریاضی (C905),E03-L04,
C905-E03-L04-V02.mp4,ویدیو,02,C905,05 - ریاضی (C905),E03-L04,
C905-E03-L04-V03.mp4,ویدیو,03,C905,05 - ریاضی (C905),E03-L04,
C905-E03-L05-A01.mp3,صوت,01,C905,05 - ریاضی (C905),E03-L05,
C905-E03-L05-A02.mp3,صوت,02,C905,05 - ریاضی (C905),E03-L05,
C905-E03-L05-A03.mp3,صوت,03,C905,05 - ریاضی (C905),E03-L05,
C905-E03-L05-V01.mp4,ویدیو,01,C905,05 - ریاضی (C905),E03-L05,
C905-E03-L05-V02.mp4,ویدیو,02,C905,05 - ریاضی (C905),E03-L05,
C905-E03-L05-V03.mp4,ویدیو,03,C905,05 - ریاضی (C905),E03-L05,
C905-E04-L01-A01.mp3,صوت,01,C905,05 - ریاضی (C905),E04-L01,
C905-E04-L01-A02.mp3,صوت,02,C905,05 - ریاضی (C905),E04-L01,
C905-E04-L01-A03.mp3,صوت,03,C905,05 - ریاضی (C905),E04-L01,
C905-E04-L01-V01.mp4,ویدیو,01,C905,05 - ریاضی (C905),E04-L01,
C905-E04-L01-V02.mp4,ویدیو,02,C905,05 - ریاضی (C905),E04-L01,
C905-E04-L01-V03.mp4,ویدیو,03,C905,05 - ریاضی (C905),E04-L01,
C905-E04-L02-A01.mp3,صوت,01,C905,05 - ریاضی (C905),E04-L02,
C905-E04-L02-A02.mp3,صوت,02,C905,05 - ریاضی (C905),E04-L02,
C905-E04-L02-A03.mp3,صوت,03,C905,05 - ریاضی (C905),E04-L02,
C905-E04-L02-V01.mp4,ویدیو,01,C905,05 - ریاضی (C905),E04-L02,
C905-E04-L02-V02.mp4,ویدیو,02,C905,05 - ریاضی (C905),E04-L02,
C905-E04-L02-V03.mp4,ویدیو,03,C905,05 - ریاضی (C905),E04-L02,
C905-E04-L03-A01.mp3,صوت,01,C905,05 - ریاضی (C905),E04-L03,
C905-E04-L03-A02.mp3,صوت,02,C905,05 - ریاضی (C905),E04-L03,
C905-E04-L03-A03.mp3,صوت,03,C905,05 - ریاضی (C905),E04-L03,
C905-E04-L03-V01.mp4,ویدیو,01,C905,05 - ریاضی (C905),E04-L03,
C905-E04-L03-V02.mp4,ویدیو,02,C905,05 - ریاضی (C905),E04-L03,
C905-E04-L03-V03.mp4,ویدیو,03,C905,05 - ریاضی (C905),E04-L03,
C905-E04-L04-A01.mp3,صوت,01,C905,05 - ریاضی (C905),E04-L04,
C905-E04-L04-A02.mp3,صوت,02,C905,05 - ریاضی (C905),E04-L04,
C905-E04-L04-A03.mp3,صوت,03,C905,05 - ریاضی (C905),E04-L04,
C905-E04-L04-V01.mp4,ویدیو,01,C905,05 - ریاضی (C905),E04-L04,
C905-E04-L04-V02.mp4,ویدیو,02,C905,05 - ریاضی (C905),E04-L04,
C905-E04-L04-V03.mp4,ویدیو,03,C905,05 - ریاضی (C905),E04-L04,
C905-E05-L01-A01.mp3,صوت,01,C905,05 - ریاضی (C905),E05-L01,
C905-E05-L01-A02.mp3,صوت,02,C905,05 - ریاضی (C905),E05-L01,
C905-E05-L01-A03.mp3,صوت,03,C905,05 - ریاضی (C905),E05-L01,
C905-E05-L01-V01.mp4,ویدیو,01,C905,05 - ریاضی (C905),E05-L01,
C905-E05-L01-V02.mp4,ویدیو,02,C905,05 - ریاضی (C905),E05-L01,
C905-E05-L01-V03.mp4,ویدیو,03,C905,05 - ریاضی (C905),E05-L01,
C905-E05-L02-A01.mp3,صوت,01,C905,05 - ریاضی (C905),E05-L02,
C905-E05-L02-A02.mp3,صوت,02,C905,05 - ریاضی (C905),E05-L02,
C905-E05-L02-A03.mp3,صوت,03,C905,05 - ریاضی (C905),E05-L02,
C905-E05-L02-V01.mp4,ویدیو,01,C905,05 - ریاضی (C905),E05-L02,
C905-E05-L02-V02.mp4,ویدیو,02,C905,05 - ریاضی (C905),E05-L02,
C905-E05-L02-V03.mp4,ویدیو,03,C905,05 - ریاضی (C905),E05-L02,
C905-E05-L03-A01.mp3,صوت,01,C905,05 - ریاضی (C905),E05-L03,
C905-E05-L03-A02.mp3,صوت,02,C905,05 - ریاضی (C905),E05-L03,
C905-E05-L03-A03.mp3,صوت,03,C905,05 - ریاضی (C905),E05-L03,
C905-E05-L03-V01.mp4,ویدیو,01,C905,05 - ریاضی (C905),E05-L03,
C905-E05-L03-V02.mp4,ویدیو,02,C905,05 - ریاضی (C905),E05-L03,
C905-E05-L03-V03.mp4,ویدیو,03,C905,05 - ریاضی (C905),E05-L03,
C905-E06-L01-A01.mp3,صوت,01,C905,05 - ریاضی (C905),E06-L01,
C905-E06-L01-A02.mp3,صوت,02,C905,05 - ریاضی (C905),E06-L01,
C905-E06-L01-A03.mp3,صوت,03,C905,05 - ریاضی (C905),E06-L01,
C905-E06-L01-V01.mp4,ویدیو,01,C905,05 - ریاضی (C905),E06-L01,
C905-E06-L01-V02.mp4,ویدیو,02,C905,05 - ریاضی (C905),E06-L01,
C905-E06-L01-V03.mp4,ویدیو,03,C905,05 - ریاضی (C905),E06-L01,
C905-E06-L02-A01.mp3,صوت,01,C905,05 - ریاضی (C905),E06-L02,
C905-E06-L02-A02.mp3,صوت,02,C905,05 - ریاضی (C905),E06-L02,
C905-E06-L02-A03.mp3,صوت,03,C905,05 - ریاضی (C905),E06-L02,
C905-E06-L02-V01.mp4,ویدیو,01,C905,05 - ریاضی (C905),E06-L02,
C905-E06-L02-V02.mp4,ویدیو,02,C905,05 - ریاضی (C905),E06-L02,
C905-E06-L02-V03.mp4,ویدیو,03,C905,05 - ریاضی (C905),E06-L02,
C905-E06-L03-A01.mp3,صوت,01,C905,05 - ریاضی (C905),E06-L03,
C905-E06-L03-A02.mp3,صوت,02,C905,05 - ریاضی (C905),E06-L03,
C905-E06-L03-A03.mp3,صوت,03,C905,05 - ریاضی (C905),E06-L03,
C905-E06-L03-V01.mp4,ویدیو,01,C905,05 - ریاضی (C905),E06-L03,
C905-E06-L03-V02.mp4,ویدیو,02,C905,05 - ریاضی (C905),E06-L03,
C905-E06-L03-V03.mp4,ویدیو,03,C905,05 - ریاضی (C905),E06-L03,
C905-E07-L01-A01.mp3,صوت,01,C905,05 - ریاضی (C905),E07-L01,
C905-E07-L01-A02.mp3,صوت,02,C905,05 - ریاضی (C905),E07-L01,
C905-E07-L01-A03.mp3,صوت,03,C905,05 - ریاضی (C905),E07-L01,
C905-E07-L01-V01.mp4,ویدیو,01,C905,05 - ریاضی (C905),E07-L01,
C905-E07-L01-V02.mp4,ویدیو,02,C905,05 - ریاضی (C905),E07-L01,
C905-E07-L01-V03.mp4,ویدیو,03,C905,05 - ریاضی (C905),E07-L01,
C905-E07-L02-A01.mp3,صوت,01,C905,05 - ریاضی (C905),E07-L02,
C905-E07-L02-A02.mp3,صوت,02,C905,05 - ریاضی (C905),E07-L02,
C905-E07-L02-A03.mp3,صوت,03,C905,05 - ریاضی (C905),E07-L02,
C905-E07-L02-V01.mp4,ویدیو,01,C905,05 - ریاضی (C905),E07-L02,
C905-E07-L02-V02.mp4,ویدیو,02,C905,05 - ریاضی (C905),E07-L02,
C905-E07-L02-V03.mp4,ویدیو,03,C905,05 - ریاضی (C905),E07-L02,
C905-E07-L03-A01.mp3,صوت,01,C905,05 - ریاضی (C905),E07-L03,
C905-E07-L03-A02.mp3,صوت,02,C905,05 - ریاضی (C905),E07-L03,
C905-E07-L03-A03.mp3,صوت,03,C905,05 - ریاضی (C905),E07-L03,
C905-E07-L03-V01.mp4,ویدیو,01,C905,05 - ریاضی (C905),E07-L03,
C905-E07-L03-V02.mp4,ویدیو,02,C905,05 - ریاضی (C905),E07-L03,
C905-E07-L03-V03.mp4,ویدیو,03,C905,05 - ریاضی (C905),E07-L03,
C905-E08-L01-A01.mp3,صوت,01,C905,05 - ریاضی (C905),E08-L01,
C905-E08-L01-A02.mp3,صوت,02,C905,05 - ریاضی (C905),E08-L01,
C905-E08-L01-A03.mp3,صوت,03,C905,05 - ریاضی (C905),E08-L01,
C905-E08-L01-V01.mp4,ویدیو,01,C905,05 - ریاضی (C905),E08-L01,
C905-E08-L01-V02.mp4,ویدیو,02,C905,05 - ریاضی (C905),E08-L01,
C905-E08-L01-V03.mp4,ویدیو,03,C905,05 - ریاضی (C905),E08-L01,
C905-E08-L02-A01.mp3,صوت,01,C905,05 - ریاضی (C905),E08-L02,
C905-E08-L02-A02.mp3,صوت,02,C905,05 - ریاضی (C905),E08-L02,
C905-E08-L02-A03.mp3,صوت,03,C905,05 - ریاضی (C905),E08-L02,
C905-E08-L02-V01.mp4,ویدیو,01,C905,05 - ریاضی (C905),E08-L02,
C905-E08-L02-V02.mp4,ویدیو,02,C905,05 - ریاضی (C905),E08-L02,
C905-E08-L02-V03.mp4,ویدیو,03,C905,05 - ریاضی (C905),E08-L02,
C905-E08-L03-A01.mp3,صوت,01,C905,05 - ریاضی (C905),E08-L03,
C905-E08-L03-A02.mp3,صوت,02,C905,05 - ریاضی (C905),E08-L03,
C905-E08-L03-A03.mp3,صوت,03,C905,05 - ریاضی (C905),E08-L03,
C905-E08-L03-V01.mp4,ویدیو,01,C905,05 - ریاضی (C905),E08-L03,
C905-E08-L03-V02.mp4,ویدیو,02,C905,05 - ریاضی (C905),E08-L03,
C905-E08-L03-V03.mp4,ویدیو,03,C905,05 - ریاضی (C905),E08-L03,
C906-E01-L01-A01.mp3,صوت,01,C906,06 - علوم تجربی (C906),E01-L01,
C906-E01-L01-A02.mp3,صوت,02,C906,06 - علوم تجربی (C906),E01-L01,
C906-E01-L01-A03.mp3,صوت,03,C906,06 - علوم تجربی (C906),E01-L01,
C906-E01-L01-V01.mp4,ویدیو,01,C906,06 - علوم تجربی (C906),E01-L01,
C906-E01-L01-V02.mp4,ویدیو,02,C906,06 - علوم تجربی (C906),E01-L01,
C906-E01-L01-V03.mp4,ویدیو,03,C906,06 - علوم تجربی (C906),E01-L01,
C906-E02-L01-A01.mp3,صوت,01,C906,06 - علوم تجربی (C906),E02-L01,
C906-E02-L01-A02.mp3,صوت,02,C906,06 - علوم تجربی (C906),E02-L01,
C906-E02-L01-A03.mp3,صوت,03,C906,06 - علوم تجربی (C906),E02-L01,
C906-E02-L01-V01.mp4,ویدیو,01,C906,06 - علوم تجربی (C906),E02-L01,
C906-E02-L01-V02.mp4,ویدیو,02,C906,06 - علوم تجربی (C906),E02-L01,
C906-E02-L01-V03.mp4,ویدیو,03,C906,06 - علوم تجربی (C906),E02-L01,
C906-E03-L01-A01.mp3,صوت,01,C906,06 - علوم تجربی (C906),E03-L01,
C906-E03-L01-A02.mp3,صوت,02,C906,06 - علوم تجربی (C906),E03-L01,
C906-E03-L01-A03.mp3,صوت,03,C906,06 - علوم تجربی (C906),E03-L01,
C906-E03-L01-V01.mp4,ویدیو,01,C906,06 - علوم تجربی (C906),E03-L01,
C906-E03-L01-V02.mp4,ویدیو,02,C906,06 - علوم تجربی (C906),E03-L01,
C906-E03-L01-V03.mp4,ویدیو,03,C906,06 - علوم تجربی (C906),E03-L01,
C906-E04-L01-A01.mp3,صوت,01,C906,06 - علوم تجربی (C906),E04-L01,
C906-E04-L01-A02.mp3,صوت,02,C906,06 - علوم تجربی (C906),E04-L01,
C906-E04-L01-A03.mp3,صوت,03,C906,06 - علوم تجربی (C906),E04-L01,
C906-E04-L01-V01.mp4,ویدیو,01,C906,06 - علوم تجربی (C906),E04-L01,
C906-E04-L01-V02.mp4,ویدیو,02,C906,06 - علوم تجربی (C906),E04-L01,
C906-E04-L01-V03.mp4,ویدیو,03,C906,06 - علوم تجربی (C906),E04-L01,
C906-E05-L01-A01.mp3,صوت,01,C906,06 - علوم تجربی (C906),E05-L01,
C906-E05-L01-A02.mp3,صوت,02,C906,06 - علوم تجربی (C906),E05-L01,
C906-E05-L01-A03.mp3,صوت,03,C906,06 - علوم تجربی (C906),E05-L01,
C906-E05-L01-V01.mp4,ویدیو,01,C906,06 - علوم تجربی (C906),E05-L01,
C906-E05-L01-V02.mp4,ویدیو,02,C906,06 - علوم تجربی (C906),E05-L01,
C906-E05-L01-V03.mp4,ویدیو,03,C906,06 - علوم تجربی (C906),E05-L01,
C906-E06-L01-A01.mp3,صوت,01,C906,06 - علوم تجربی (C906),E06-L01,
C906-E06-L01-A02.mp3,صوت,02,C906,06 - علوم تجربی (C906),E06-L01,
C906-E06-L01-A03.mp3,صوت,03,C906,06 - علوم تجربی (C906),E06-L01,
C906-E06-L01-V01.mp4,ویدیو,01,C906,06 - علوم تجربی (C906),E06-L01,
C906-E06-L01-V02.mp4,ویدیو,02,C906,06 - علوم تجربی (C906),E06-L01,
C906-E06-L01-V03.mp4,ویدیو,03,C906,06 - علوم تجربی (C906),E06-L01,
C906-E07-L01-A01.mp3,صوت,01,C906,06 - علوم تجربی (C906),E07-L01,
C906-E07-L01-A02.mp3,صوت,02,C906,06 - علوم تجربی (C906),E07-L01,
C906-E07-L01-A03.mp3,صوت,03,C906,06 - علوم تجربی (C906),E07-L01,
C906-E07-L01-V01.mp4,ویدیو,01,C906,06 - علوم تجربی (C906),E07-L01,
C906-E07-L01-V02.mp4,ویدیو,02,C906,06 - علوم تجربی (C906),E07-L01,
C906-E07-L01-V03.mp4,ویدیو,03,C906,06 - علوم تجربی (C906),E07-L01,
C906-E08-L01-A01.mp3,صوت,01,C906,06 - علوم تجربی (C906),E08-L01,
C906-E08-L01-A02.mp3,صوت,02,C906,06 - علوم تجربی (C906),E08-L01,
C906-E08-L01-A03.mp3,صوت,03,C906,06 - علوم تجربی (C906),E08-L01,
C906-E08-L01-V01.mp4,ویدیو,01,C906,06 - علوم تجربی (C906),E08-L01,
C906-E08-L01-V02.mp4,ویدیو,02,C906,06 - علوم تجربی (C906),E08-L01,
C906-E08-L01-V03.mp4,ویدیو,03,C906,06 - علوم تجربی (C906),E08-L01,
C906-E09-L01-A01.mp3,صوت,01,C906,06 - علوم تجربی (C906),E09-L01,
C906-E09-L01-A02.mp3,صوت,02,C906,06 - علوم تجربی (C906),E09-L01,
C906-E09-L01-A03.mp3,صوت,03,C906,06 - علوم تجربی (C906),E09-L01,
C906-E09-L01-V01.mp4,ویدیو,01,C906,06 - علوم تجربی (C906),E09-L01,
C906-E09-L01-V02.mp4,ویدیو,02,C906,06 - علوم تجربی (C906),E09-L01,
C906-E09-L01-V03.mp4,ویدیو,03,C906,06 - علوم تجربی (C906),E09-L01,
C906-E10-L01-A01.mp3,صوت,01,C906,06 - علوم تجربی (C906),E10-L01,
C906-E10-L01-A02.mp3,صوت,02,C906,06 - علوم تجربی (C906),E10-L01,
C906-E10-L01-A03.mp3,صوت,03,C906,06 - علوم تجربی (C906),E10-L01,
C906-E10-L01-V01.mp4,ویدیو,01,C906,06 - علوم تجربی (C906),E10-L01,
C906-E10-L01-V02.mp4,ویدیو,02,C906,06 - علوم تجربی (C906),E10-L01,
C906-E10-L01-V03.mp4,ویدیو,03,C906,06 - علوم تجربی (C906),E10-L01,
C906-E11-L01-A01.mp3,صوت,01,C906,06 - علوم تجربی (C906),E11-L01,
C906-E11-L01-A02.mp3,صوت,02,C906,06 - علوم تجربی (C906),E11-L01,
C906-E11-L01-A03.mp3,صوت,03,C906,06 - علوم تجربی (C906),E11-L01,
C906-E11-L01-V01.mp4,ویدیو,01,C906,06 - علوم تجربی (C906),E11-L01,
C906-E11-L01-V02.mp4,ویدیو,02,C906,06 - علوم تجربی (C906),E11-L01,
C906-E11-L01-V03.mp4,ویدیو,03,C906,06 - علوم تجربی (C906),E11-L01,
C906-E12-L01-A01.mp3,صوت,01,C906,06 - علوم تجربی (C906),E12-L01,
C906-E12-L01-A02.mp3,صوت,02,C906,06 - علوم تجربی (C906),E12-L01,
C906-E12-L01-A03.mp3,صوت,03,C906,06 - علوم تجربی (C906),E12-L01,
C906-E12-L01-V01.mp4,ویدیو,01,C906,06 - علوم تجربی (C906),E12-L01,
C906-E12-L01-V02.mp4,ویدیو,02,C906,06 - علوم تجربی (C906),E12-L01,
C906-E12-L01-V03.mp4,ویدیو,03,C906,06 - علوم تجربی (C906),E12-L01,
C906-E13-L01-A01.mp3,صوت,01,C906,06 - علوم تجربی (C906),E13-L01,
C906-E13-L01-A02.mp3,صوت,02,C906,06 - علوم تجربی (C906),E13-L01,
C906-E13-L01-A03.mp3,صوت,03,C906,06 - علوم تجربی (C906),E13-L01,
C906-E13-L01-V01.mp4,ویدیو,01,C906,06 - علوم تجربی (C906),E13-L01,
C906-E13-L01-V02.mp4,ویدیو,02,C906,06 - علوم تجربی (C906),E13-L01,
C906-E13-L01-V03.mp4,ویدیو,03,C906,06 - علوم تجربی (C906),E13-L01,
C906-E14-L01-A01.mp3,صوت,01,C906,06 - علوم تجربی (C906),E14-L01,
C906-E14-L01-A02.mp3,صوت,02,C906,06 - علوم تجربی (C906),E14-L01,
C906-E14-L01-A03.mp3,صوت,03,C906,06 - علوم تجربی (C906),E14-L01,
C906-E14-L01-V01.mp4,ویدیو,01,C906,06 - علوم تجربی (C906),E14-L01,
C906-E14-L01-V02.mp4,ویدیو,02,C906,06 - علوم تجربی (C906),E14-L01,
C906-E14-L01-V03.mp4,ویدیو,03,C906,06 - علوم تجربی (C906),E14-L01,
C906-E15-L01-A01.mp3,صوت,01,C906,06 - علوم تجربی (C906),E15-L01,
C906-E15-L01-A02.mp3,صوت,02,C906,06 - علوم تجربی (C906),E15-L01,
C906-E15-L01-A03.mp3,صوت,03,C906,06 - علوم تجربی (C906),E15-L01,
C906-E15-L01-V01.mp4,ویدیو,01,C906,06 - علوم تجربی (C906),E15-L01,
C906-E15-L01-V02.mp4,ویدیو,02,C906,06 - علوم تجربی (C906),E15-L01,
C906-E15-L01-V03.mp4,ویدیو,03,C906,06 - علوم تجربی (C906),E15-L01,
C907-E01-L01-A01.mp3,صوت,01,C907,07 - مطالعات اجتماعی (C907),E01-L01,
C907-E01-L01-A02.mp3,صوت,02,C907,07 - مطالعات اجتماعی (C907),E01-L01,
C907-E01-L01-A03.mp3,صوت,03,C907,07 - مطالعات اجتماعی (C907),E01-L01,
C907-E01-L01-V01.mp4,ویدیو,01,C907,07 - مطالعات اجتماعی (C907),E01-L01,
C907-E01-L01-V02.mp4,ویدیو,02,C907,07 - مطالعات اجتماعی (C907),E01-L01,
C907-E01-L01-V03.mp4,ویدیو,03,C907,07 - مطالعات اجتماعی (C907),E01-L01,
C907-E01-L02-A01.mp3,صوت,01,C907,07 - مطالعات اجتماعی (C907),E01-L02,
C907-E01-L02-A02.mp3,صوت,02,C907,07 - مطالعات اجتماعی (C907),E01-L02,
C907-E01-L02-A03.mp3,صوت,03,C907,07 - مطالعات اجتماعی (C907),E01-L02,
C907-E01-L02-V01.mp4,ویدیو,01,C907,07 - مطالعات اجتماعی (C907),E01-L02,
C907-E01-L02-V02.mp4,ویدیو,02,C907,07 - مطالعات اجتماعی (C907),E01-L02,
C907-E01-L02-V03.mp4,ویدیو,03,C907,07 - مطالعات اجتماعی (C907),E01-L02,
C907-E02-L01-A01.mp3,صوت,01,C907,07 - مطالعات اجتماعی (C907),E02-L01,
C907-E02-L01-A02.mp3,صوت,02,C907,07 - مطالعات اجتماعی (C907),E02-L01,
C907-E02-L01-A03.mp3,صوت,03,C907,07 - مطالعات اجتماعی (C907),E02-L01,
C907-E02-L01-V01.mp4,ویدیو,01,C907,07 - مطالعات اجتماعی (C907),E02-L01,
C907-E02-L01-V02.mp4,ویدیو,02,C907,07 - مطالعات اجتماعی (C907),E02-L01,
C907-E02-L01-V03.mp4,ویدیو,03,C907,07 - مطالعات اجتماعی (C907),E02-L01,
C907-E02-L02-A01.mp3,صوت,01,C907,07 - مطالعات اجتماعی (C907),E02-L02,
C907-E02-L02-A02.mp3,صوت,02,C907,07 - مطالعات اجتماعی (C907),E02-L02,
C907-E02-L02-A03.mp3,صوت,03,C907,07 - مطالعات اجتماعی (C907),E02-L02,
C907-E02-L02-V01.mp4,ویدیو,01,C907,07 - مطالعات اجتماعی (C907),E02-L02,
C907-E02-L02-V02.mp4,ویدیو,02,C907,07 - مطالعات اجتماعی (C907),E02-L02,
C907-E02-L02-V03.mp4,ویدیو,03,C907,07 - مطالعات اجتماعی (C907),E02-L02,
C907-E03-L01-A01.mp3,صوت,01,C907,07 - مطالعات اجتماعی (C907),E03-L01,
C907-E03-L01-A02.mp3,صوت,02,C907,07 - مطالعات اجتماعی (C907),E03-L01,
C907-E03-L01-A03.mp3,صوت,03,C907,07 - مطالعات اجتماعی (C907),E03-L01,
C907-E03-L01-V01.mp4,ویدیو,01,C907,07 - مطالعات اجتماعی (C907),E03-L01,
C907-E03-L01-V02.mp4,ویدیو,02,C907,07 - مطالعات اجتماعی (C907),E03-L01,
C907-E03-L01-V03.mp4,ویدیو,03,C907,07 - مطالعات اجتماعی (C907),E03-L01,
C907-E03-L02-A01.mp3,صوت,01,C907,07 - مطالعات اجتماعی (C907),E03-L02,
C907-E03-L02-A02.mp3,صوت,02,C907,07 - مطالعات اجتماعی (C907),E03-L02,
C907-E03-L02-A03.mp3,صوت,03,C907,07 - مطالعات اجتماعی (C907),E03-L02,
C907-E03-L02-V01.mp4,ویدیو,01,C907,07 - مطالعات اجتماعی (C907),E03-L02,
C907-E03-L02-V02.mp4,ویدیو,02,C907,07 - مطالعات اجتماعی (C907),E03-L02,
C907-E03-L02-V03.mp4,ویدیو,03,C907,07 - مطالعات اجتماعی (C907),E03-L02,
C907-E04-L01-A01.mp3,صوت,01,C907,07 - مطالعات اجتماعی (C907),E04-L01,
C907-E04-L01-A02.mp3,صوت,02,C907,07 - مطالعات اجتماعی (C907),E04-L01,
C907-E04-L01-A03.mp3,صوت,03,C907,07 - مطالعات اجتماعی (C907),E04-L01,
C907-E04-L01-V01.mp4,ویدیو,01,C907,07 - مطالعات اجتماعی (C907),E04-L01,
C907-E04-L01-V02.mp4,ویدیو,02,C907,07 - مطالعات اجتماعی (C907),E04-L01,
C907-E04-L01-V03.mp4,ویدیو,03,C907,07 - مطالعات اجتماعی (C907),E04-L01,
C907-E04-L02-A01.mp3,صوت,01,C907,07 - مطالعات اجتماعی (C907),E04-L02,
C907-E04-L02-A02.mp3,صوت,02,C907,07 - مطالعات اجتماعی (C907),E04-L02,
C907-E04-L02-A03.mp3,صوت,03,C907,07 - مطالعات اجتماعی (C907),E04-L02,
C907-E04-L02-V01.mp4,ویدیو,01,C907,07 - مطالعات اجتماعی (C907),E04-L02,
C907-E04-L02-V02.mp4,ویدیو,02,C907,07 - مطالعات اجتماعی (C907),E04-L02,
C907-E04-L02-V03.mp4,ویدیو,03,C907,07 - مطالعات اجتماعی (C907),E04-L02,
C907-E05-L01-A01.mp3,صوت,01,C907,07 - مطالعات اجتماعی (C907),E05-L01,
C907-E05-L01-A02.mp3,صوت,02,C907,07 - مطالعات اجتماعی (C907),E05-L01,
C907-E05-L01-A03.mp3,صوت,03,C907,07 - مطالعات اجتماعی (C907),E05-L01,
C907-E05-L01-V01.mp4,ویدیو,01,C907,07 - مطالعات اجتماعی (C907),E05-L01,
C907-E05-L01-V02.mp4,ویدیو,02,C907,07 - مطالعات اجتماعی (C907),E05-L01,
C907-E05-L01-V03.mp4,ویدیو,03,C907,07 - مطالعات اجتماعی (C907),E05-L01,
C907-E05-L02-A01.mp3,صوت,01,C907,07 - مطالعات اجتماعی (C907),E05-L02,
C907-E05-L02-A02.mp3,صوت,02,C907,07 - مطالعات اجتماعی (C907),E05-L02,
C907-E05-L02-A03.mp3,صوت,03,C907,07 - مطالعات اجتماعی (C907),E05-L02,
C907-E05-L02-V01.mp4,ویدیو,01,C907,07 - مطالعات اجتماعی (C907),E05-L02,
C907-E05-L02-V02.mp4,ویدیو,02,C907,07 - مطالعات اجتماعی (C907),E05-L02,
C907-E05-L02-V03.mp4,ویدیو,03,C907,07 - مطالعات اجتماعی (C907),E05-L02,
C907-E06-L01-A01.mp3,صوت,01,C907,07 - مطالعات اجتماعی (C907),E06-L01,
C907-E06-L01-A02.mp3,صوت,02,C907,07 - مطالعات اجتماعی (C907),E06-L01,
C907-E06-L01-A03.mp3,صوت,03,C907,07 - مطالعات اجتماعی (C907),E06-L01,
C907-E06-L01-V01.mp4,ویدیو,01,C907,07 - مطالعات اجتماعی (C907),E06-L01,
C907-E06-L01-V02.mp4,ویدیو,02,C907,07 - مطالعات اجتماعی (C907),E06-L01,
C907-E06-L01-V03.mp4,ویدیو,03,C907,07 - مطالعات اجتماعی (C907),E06-L01,
C907-E06-L02-A01.mp3,صوت,01,C907,07 - مطالعات اجتماعی (C907),E06-L02,
C907-E06-L02-A02.mp3,صوت,02,C907,07 - مطالعات اجتماعی (C907),E06-L02,
C907-E06-L02-A03.mp3,صوت,03,C907,07 - مطالعات اجتماعی (C907),E06-L02,
C907-E06-L02-V01.mp4,ویدیو,01,C907,07 - مطالعات اجتماعی (C907),E06-L02,
C907-E06-L02-V02.mp4,ویدیو,02,C907,07 - مطالعات اجتماعی (C907),E06-L02,
C907-E06-L02-V03.mp4,ویدیو,03,C907,07 - مطالعات اجتماعی (C907),E06-L02,
C907-E07-L01-A01.mp3,صوت,01,C907,07 - مطالعات اجتماعی (C907),E07-L01,
C907-E07-L01-A02.mp3,صوت,02,C907,07 - مطالعات اجتماعی (C907),E07-L01,
C907-E07-L01-A03.mp3,صوت,03,C907,07 - مطالعات اجتماعی (C907),E07-L01,
C907-E07-L01-V01.mp4,ویدیو,01,C907,07 - مطالعات اجتماعی (C907),E07-L01,
C907-E07-L01-V02.mp4,ویدیو,02,C907,07 - مطالعات اجتماعی (C907),E07-L01,
C907-E07-L01-V03.mp4,ویدیو,03,C907,07 - مطالعات اجتماعی (C907),E07-L01,
C907-E07-L02-A01.mp3,صوت,01,C907,07 - مطالعات اجتماعی (C907),E07-L02,
C907-E07-L02-A02.mp3,صوت,02,C907,07 - مطالعات اجتماعی (C907),E07-L02,
C907-E07-L02-A03.mp3,صوت,03,C907,07 - مطالعات اجتماعی (C907),E07-L02,
C907-E07-L02-V01.mp4,ویدیو,01,C907,07 - مطالعات اجتماعی (C907),E07-L02,
C907-E07-L02-V02.mp4,ویدیو,02,C907,07 - مطالعات اجتماعی (C907),E07-L02,
C907-E07-L02-V03.mp4,ویدیو,03,C907,07 - مطالعات اجتماعی (C907),E07-L02,
C907-E08-L01-A01.mp3,صوت,01,C907,07 - مطالعات اجتماعی (C907),E08-L01,
C907-E08-L01-A02.mp3,صوت,02,C907,07 - مطالعات اجتماعی (C907),E08-L01,
C907-E08-L01-A03.mp3,صوت,03,C907,07 - مطالعات اجتماعی (C907),E08-L01,
C907-E08-L01-V01.mp4,ویدیو,01,C907,07 - مطالعات اجتماعی (C907),E08-L01,
C907-E08-L01-V02.mp4,ویدیو,02,C907,07 - مطالعات اجتماعی (C907),E08-L01,
C907-E08-L01-V03.mp4,ویدیو,03,C907,07 - مطالعات اجتماعی (C907),E08-L01,
C907-E08-L02-A01.mp3,صوت,01,C907,07 - مطالعات اجتماعی (C907),E08-L02,
C907-E08-L02-A02.mp3,صوت,02,C907,07 - مطالعات اجتماعی (C907),E08-L02,
C907-E08-L02-A03.mp3,صوت,03,C907,07 - مطالعات اجتماعی (C907),E08-L02,
C907-E08-L02-V01.mp4,ویدیو,01,C907,07 - مطالعات اجتماعی (C907),E08-L02,
C907-E08-L02-V02.mp4,ویدیو,02,C907,07 - مطالعات اجتماعی (C907),E08-L02,
C907-E08-L02-V03.mp4,ویدیو,03,C907,07 - مطالعات اجتماعی (C907),E08-L02,
C907-E09-L01-A01.mp3,صوت,01,C907,07 - مطالعات اجتماعی (C907),E09-L01,
C907-E09-L01-A02.mp3,صوت,02,C907,07 - مطالعات اجتماعی (C907),E09-L01,
C907-E09-L01-A03.mp3,صوت,03,C907,07 - مطالعات اجتماعی (C907),E09-L01,
C907-E09-L01-V01.mp4,ویدیو,01,C907,07 - مطالعات اجتماعی (C907),E09-L01,
C907-E09-L01-V02.mp4,ویدیو,02,C907,07 - مطالعات اجتماعی (C907),E09-L01,
C907-E09-L01-V03.mp4,ویدیو,03,C907,07 - مطالعات اجتماعی (C907),E09-L01,
C907-E09-L02-A01.mp3,صوت,01,C907,07 - مطالعات اجتماعی (C907),E09-L02,
C907-E09-L02-A02.mp3,صوت,02,C907,07 - مطالعات اجتماعی (C907),E09-L02,
C907-E09-L02-A03.mp3,صوت,03,C907,07 - مطالعات اجتماعی (C907),E09-L02,
C907-E09-L02-V01.mp4,ویدیو,01,C907,07 - مطالعات اجتماعی (C907),E09-L02,
C907-E09-L02-V02.mp4,ویدیو,02,C907,07 - مطالعات اجتماعی (C907),E09-L02,
C907-E09-L02-V03.mp4,ویدیو,03,C907,07 - مطالعات اجتماعی (C907),E09-L02,
C907-E10-L01-A01.mp3,صوت,01,C907,07 - مطالعات اجتماعی (C907),E10-L01,
C907-E10-L01-A02.mp3,صوت,02,C907,07 - مطالعات اجتماعی (C907),E10-L01,
C907-E10-L01-A03.mp3,صوت,03,C907,07 - مطالعات اجتماعی (C907),E10-L01,
C907-E10-L01-V01.mp4,ویدیو,01,C907,07 - مطالعات اجتماعی (C907),E10-L01,
C907-E10-L01-V02.mp4,ویدیو,02,C907,07 - مطالعات اجتماعی (C907),E10-L01,
C907-E10-L01-V03.mp4,ویدیو,03,C907,07 - مطالعات اجتماعی (C907),E10-L01,
C907-E10-L02-A01.mp3,صوت,01,C907,07 - مطالعات اجتماعی (C907),E10-L02,
C907-E10-L02-A02.mp3,صوت,02,C907,07 - مطالعات اجتماعی (C907),E10-L02,
C907-E10-L02-A03.mp3,صوت,03,C907,07 - مطالعات اجتماعی (C907),E10-L02,
C907-E10-L02-V01.mp4,ویدیو,01,C907,07 - مطالعات اجتماعی (C907),E10-L02,
C907-E10-L02-V02.mp4,ویدیو,02,C907,07 - مطالعات اجتماعی (C907),E10-L02,
C907-E10-L02-V03.mp4,ویدیو,03,C907,07 - مطالعات اجتماعی (C907),E10-L02,
C907-E11-L01-A01.mp3,صوت,01,C907,07 - مطالعات اجتماعی (C907),E11-L01,
C907-E11-L01-A02.mp3,صوت,02,C907,07 - مطالعات اجتماعی (C907),E11-L01,
C907-E11-L01-A03.mp3,صوت,03,C907,07 - مطالعات اجتماعی (C907),E11-L01,
C907-E11-L01-V01.mp4,ویدیو,01,C907,07 - مطالعات اجتماعی (C907),E11-L01,
C907-E11-L01-V02.mp4,ویدیو,02,C907,07 - مطالعات اجتماعی (C907),E11-L01,
C907-E11-L01-V03.mp4,ویدیو,03,C907,07 - مطالعات اجتماعی (C907),E11-L01,
C907-E11-L02-A01.mp3,صوت,01,C907,07 - مطالعات اجتماعی (C907),E11-L02,
C907-E11-L02-A02.mp3,صوت,02,C907,07 - مطالعات اجتماعی (C907),E11-L02,
C907-E11-L02-A03.mp3,صوت,03,C907,07 - مطالعات اجتماعی (C907),E11-L02,
C907-E11-L02-V01.mp4,ویدیو,01,C907,07 - مطالعات اجتماعی (C907),E11-L02,
C907-E11-L02-V02.mp4,ویدیو,02,C907,07 - مطالعات اجتماعی (C907),E11-L02,
C907-E11-L02-V03.mp4,ویدیو,03,C907,07 - مطالعات اجتماعی (C907),E11-L02,
C907-E12-L01-A01.mp3,صوت,01,C907,07 - مطالعات اجتماعی (C907),E12-L01,
C907-E12-L01-A02.mp3,صوت,02,C907,07 - مطالعات اجتماعی (C907),E12-L01,
C907-E12-L01-A03.mp3,صوت,03,C907,07 - مطالعات اجتماعی (C907),E12-L01,
C907-E12-L01-V01.mp4,ویدیو,01,C907,07 - مطالعات اجتماعی (C907),E12-L01,
C907-E12-L01-V02.mp4,ویدیو,02,C907,07 - مطالعات اجتماعی (C907),E12-L01,
C907-E12-L01-V03.mp4,ویدیو,03,C907,07 - مطالعات اجتماعی (C907),E12-L01,
C907-E12-L02-A01.mp3,صوت,01,C907,07 - مطالعات اجتماعی (C907),E12-L02,
C907-E12-L02-A02.mp3,صوت,02,C907,07 - مطالعات اجتماعی (C907),E12-L02,
C907-E12-L02-A03.mp3,صوت,03,C907,07 - مطالعات اجتماعی (C907),E12-L02,
C907-E12-L02-V01.mp4,ویدیو,01,C907,07 - مطالعات اجتماعی (C907),E12-L02,
C907-E12-L02-V02.mp4,ویدیو,02,C907,07 - مطالعات اجتماعی (C907),E12-L02,
C907-E12-L02-V03.mp4,ویدیو,03,C907,07 - مطالعات اجتماعی (C907),E12-L02,
C908-E01-L01-A01.mp3,صوت,01,C908,08 - فرهنگ و هنر (C908),E01-L01,
C908-E01-L01-A02.mp3,صوت,02,C908,08 - فرهنگ و هنر (C908),E01-L01,
C908-E01-L01-A03.mp3,صوت,03,C908,08 - فرهنگ و هنر (C908),E01-L01,
C908-E01-L01-V01.mp4,ویدیو,01,C908,08 - فرهنگ و هنر (C908),E01-L01,
C908-E01-L01-V02.mp4,ویدیو,02,C908,08 - فرهنگ و هنر (C908),E01-L01,
C908-E01-L01-V03.mp4,ویدیو,03,C908,08 - فرهنگ و هنر (C908),E01-L01,
C908-E01-L02-A01.mp3,صوت,01,C908,08 - فرهنگ و هنر (C908),E01-L02,
C908-E01-L02-A02.mp3,صوت,02,C908,08 - فرهنگ و هنر (C908),E01-L02,
C908-E01-L02-A03.mp3,صوت,03,C908,08 - فرهنگ و هنر (C908),E01-L02,
C908-E01-L02-V01.mp4,ویدیو,01,C908,08 - فرهنگ و هنر (C908),E01-L02,
C908-E01-L02-V02.mp4,ویدیو,02,C908,08 - فرهنگ و هنر (C908),E01-L02,
C908-E01-L02-V03.mp4,ویدیو,03,C908,08 - فرهنگ و هنر (C908),E01-L02,
C908-E01-L03-A01.mp3,صوت,01,C908,08 - فرهنگ و هنر (C908),E01-L03,
C908-E01-L03-A02.mp3,صوت,02,C908,08 - فرهنگ و هنر (C908),E01-L03,
C908-E01-L03-A03.mp3,صوت,03,C908,08 - فرهنگ و هنر (C908),E01-L03,
C908-E01-L03-V01.mp4,ویدیو,01,C908,08 - فرهنگ و هنر (C908),E01-L03,
C908-E01-L03-V02.mp4,ویدیو,02,C908,08 - فرهنگ و هنر (C908),E01-L03,
C908-E01-L03-V03.mp4,ویدیو,03,C908,08 - فرهنگ و هنر (C908),E01-L03,
C908-E01-L04-A01.mp3,صوت,01,C908,08 - فرهنگ و هنر (C908),E01-L04,
C908-E01-L04-A02.mp3,صوت,02,C908,08 - فرهنگ و هنر (C908),E01-L04,
C908-E01-L04-A03.mp3,صوت,03,C908,08 - فرهنگ و هنر (C908),E01-L04,
C908-E01-L04-V01.mp4,ویدیو,01,C908,08 - فرهنگ و هنر (C908),E01-L04,
C908-E01-L04-V02.mp4,ویدیو,02,C908,08 - فرهنگ و هنر (C908),E01-L04,
C908-E01-L04-V03.mp4,ویدیو,03,C908,08 - فرهنگ و هنر (C908),E01-L04,
C908-E02-L01-A01.mp3,صوت,01,C908,08 - فرهنگ و هنر (C908),E02-L01,
C908-E02-L01-A02.mp3,صوت,02,C908,08 - فرهنگ و هنر (C908),E02-L01,
C908-E02-L01-A03.mp3,صوت,03,C908,08 - فرهنگ و هنر (C908),E02-L01,
C908-E02-L01-V01.mp4,ویدیو,01,C908,08 - فرهنگ و هنر (C908),E02-L01,
C908-E02-L01-V02.mp4,ویدیو,02,C908,08 - فرهنگ و هنر (C908),E02-L01,
C908-E02-L01-V03.mp4,ویدیو,03,C908,08 - فرهنگ و هنر (C908),E02-L01,
C908-E02-L02-A01.mp3,صوت,01,C908,08 - فرهنگ و هنر (C908),E02-L02,
C908-E02-L02-A02.mp3,صوت,02,C908,08 - فرهنگ و هنر (C908),E02-L02,
C908-E02-L02-A03.mp3,صوت,03,C908,08 - فرهنگ و هنر (C908),E02-L02,
C908-E02-L02-V01.mp4,ویدیو,01,C908,08 - فرهنگ و هنر (C908),E02-L02,
C908-E02-L02-V02.mp4,ویدیو,02,C908,08 - فرهنگ و هنر (C908),E02-L02,
C908-E02-L02-V03.mp4,ویدیو,03,C908,08 - فرهنگ و هنر (C908),E02-L02,
C908-E02-L03-A01.mp3,صوت,01,C908,08 - فرهنگ و هنر (C908),E02-L03,
C908-E02-L03-A02.mp3,صوت,02,C908,08 - فرهنگ و هنر (C908),E02-L03,
C908-E02-L03-A03.mp3,صوت,03,C908,08 - فرهنگ و هنر (C908),E02-L03,
C908-E02-L03-V01.mp4,ویدیو,01,C908,08 - فرهنگ و هنر (C908),E02-L03,
C908-E02-L03-V02.mp4,ویدیو,02,C908,08 - فرهنگ و هنر (C908),E02-L03,
C908-E02-L03-V03.mp4,ویدیو,03,C908,08 - فرهنگ و هنر (C908),E02-L03,
C908-E03-L01-A01.mp3,صوت,01,C908,08 - فرهنگ و هنر (C908),E03-L01,
C908-E03-L01-A02.mp3,صوت,02,C908,08 - فرهنگ و هنر (C908),E03-L01,
C908-E03-L01-A03.mp3,صوت,03,C908,08 - فرهنگ و هنر (C908),E03-L01,
C908-E03-L01-V01.mp4,ویدیو,01,C908,08 - فرهنگ و هنر (C908),E03-L01,
C908-E03-L01-V02.mp4,ویدیو,02,C908,08 - فرهنگ و هنر (C908),E03-L01,
C908-E03-L01-V03.mp4,ویدیو,03,C908,08 - فرهنگ و هنر (C908),E03-L01,
C908-E03-L02-A01.mp3,صوت,01,C908,08 - فرهنگ و هنر (C908),E03-L02,
C908-E03-L02-A02.mp3,صوت,02,C908,08 - فرهنگ و هنر (C908),E03-L02,
C908-E03-L02-A03.mp3,صوت,03,C908,08 - فرهنگ و هنر (C908),E03-L02,
C908-E03-L02-V01.mp4,ویدیو,01,C908,08 - فرهنگ و هنر (C908),E03-L02,
C908-E03-L02-V02.mp4,ویدیو,02,C908,08 - فرهنگ و هنر (C908),E03-L02,
C908-E03-L02-V03.mp4,ویدیو,03,C908,08 - فرهنگ و هنر (C908),E03-L02,
C908-E03-L03-A01.mp3,صوت,01,C908,08 - فرهنگ و هنر (C908),E03-L03,
C908-E03-L03-A02.mp3,صوت,02,C908,08 - فرهنگ و هنر (C908),E03-L03,
C908-E03-L03-A03.mp3,صوت,03,C908,08 - فرهنگ و هنر (C908),E03-L03,
C908-E03-L03-V01.mp4,ویدیو,01,C908,08 - فرهنگ و هنر (C908),E03-L03,
C908-E03-L03-V02.mp4,ویدیو,02,C908,08 - فرهنگ و هنر (C908),E03-L03,
C908-E03-L03-V03.mp4,ویدیو,03,C908,08 - فرهنگ و هنر (C908),E03-L03,
C908-E04-L01-A01.mp3,صوت,01,C908,08 - فرهنگ و هنر (C908),E04-L01,
C908-E04-L01-A02.mp3,صوت,02,C908,08 - فرهنگ و هنر (C908),E04-L01,
C908-E04-L01-A03.mp3,صوت,03,C908,08 - فرهنگ و هنر (C908),E04-L01,
C908-E04-L01-V01.mp4,ویدیو,01,C908,08 - فرهنگ و هنر (C908),E04-L01,
C908-E04-L01-V02.mp4,ویدیو,02,C908,08 - فرهنگ و هنر (C908),E04-L01,
C908-E04-L01-V03.mp4,ویدیو,03,C908,08 - فرهنگ و هنر (C908),E04-L01,
C908-E04-L02-A01.mp3,صوت,01,C908,08 - فرهنگ و هنر (C908),E04-L02,
C908-E04-L02-A02.mp3,صوت,02,C908,08 - فرهنگ و هنر (C908),E04-L02,
C908-E04-L02-A03.mp3,صوت,03,C908,08 - فرهنگ و هنر (C908),E04-L02,
C908-E04-L02-V01.mp4,ویدیو,01,C908,08 - فرهنگ و هنر (C908),E04-L02,
C908-E04-L02-V02.mp4,ویدیو,02,C908,08 - فرهنگ و هنر (C908),E04-L02,
C908-E04-L02-V03.mp4,ویدیو,03,C908,08 - فرهنگ و هنر (C908),E04-L02,
C908-E04-L03-A01.mp3,صوت,01,C908,08 - فرهنگ و هنر (C908),E04-L03,
C908-E04-L03-A02.mp3,صوت,02,C908,08 - فرهنگ و هنر (C908),E04-L03,
C908-E04-L03-A03.mp3,صوت,03,C908,08 - فرهنگ و هنر (C908),E04-L03,
C908-E04-L03-V01.mp4,ویدیو,01,C908,08 - فرهنگ و هنر (C908),E04-L03,
C908-E04-L03-V02.mp4,ویدیو,02,C908,08 - فرهنگ و هنر (C908),E04-L03,
C908-E04-L03-V03.mp4,ویدیو,03,C908,08 - فرهنگ و هنر (C908),E04-L03,
C908-E04-L04-A01.mp3,صوت,01,C908,08 - فرهنگ و هنر (C908),E04-L04,
C908-E04-L04-A02.mp3,صوت,02,C908,08 - فرهنگ و هنر (C908),E04-L04,
C908-E04-L04-A03.mp3,صوت,03,C908,08 - فرهنگ و هنر (C908),E04-L04,
C908-E04-L04-V01.mp4,ویدیو,01,C908,08 - فرهنگ و هنر (C908),E04-L04,
C908-E04-L04-V02.mp4,ویدیو,02,C908,08 - فرهنگ و هنر (C908),E04-L04,
C908-E04-L04-V03.mp4,ویدیو,03,C908,08 - فرهنگ و هنر (C908),E04-L04,
C908-E05-L01-A01.mp3,صوت,01,C908,08 - فرهنگ و هنر (C908),E05-L01,
C908-E05-L01-A02.mp3,صوت,02,C908,08 - فرهنگ و هنر (C908),E05-L01,
C908-E05-L01-A03.mp3,صوت,03,C908,08 - فرهنگ و هنر (C908),E05-L01,
C908-E05-L01-V01.mp4,ویدیو,01,C908,08 - فرهنگ و هنر (C908),E05-L01,
C908-E05-L01-V02.mp4,ویدیو,02,C908,08 - فرهنگ و هنر (C908),E05-L01,
C908-E05-L01-V03.mp4,ویدیو,03,C908,08 - فرهنگ و هنر (C908),E05-L01,
C908-E05-L02-A01.mp3,صوت,01,C908,08 - فرهنگ و هنر (C908),E05-L02,
C908-E05-L02-A02.mp3,صوت,02,C908,08 - فرهنگ و هنر (C908),E05-L02,
C908-E05-L02-A03.mp3,صوت,03,C908,08 - فرهنگ و هنر (C908),E05-L02,
C908-E05-L02-V01.mp4,ویدیو,01,C908,08 - فرهنگ و هنر (C908),E05-L02,
C908-E05-L02-V02.mp4,ویدیو,02,C908,08 - فرهنگ و هنر (C908),E05-L02,
C908-E05-L02-V03.mp4,ویدیو,03,C908,08 - فرهنگ و هنر (C908),E05-L02,
C908-E05-L03-A01.mp3,صوت,01,C908,08 - فرهنگ و هنر (C908),E05-L03,
C908-E05-L03-A02.mp3,صوت,02,C908,08 - فرهنگ و هنر (C908),E05-L03,
C908-E05-L03-A03.mp3,صوت,03,C908,08 - فرهنگ و هنر (C908),E05-L03,
C908-E05-L03-V01.mp4,ویدیو,01,C908,08 - فرهنگ و هنر (C908),E05-L03,
C908-E05-L03-V02.mp4,ویدیو,02,C908,08 - فرهنگ و هنر (C908),E05-L03,
C908-E05-L03-V03.mp4,ویدیو,03,C908,08 - فرهنگ و هنر (C908),E05-L03,
C908-E06-L01-A01.mp3,صوت,01,C908,08 - فرهنگ و هنر (C908),E06-L01,
C908-E06-L01-A02.mp3,صوت,02,C908,08 - فرهنگ و هنر (C908),E06-L01,
C908-E06-L01-A03.mp3,صوت,03,C908,08 - فرهنگ و هنر (C908),E06-L01,
C908-E06-L01-V01.mp4,ویدیو,01,C908,08 - فرهنگ و هنر (C908),E06-L01,
C908-E06-L01-V02.mp4,ویدیو,02,C908,08 - فرهنگ و هنر (C908),E06-L01,
C908-E06-L01-V03.mp4,ویدیو,03,C908,08 - فرهنگ و هنر (C908),E06-L01,
C908-E06-L02-A01.mp3,صوت,01,C908,08 - فرهنگ و هنر (C908),E06-L02,
C908-E06-L02-A02.mp3,صوت,02,C908,08 - فرهنگ و هنر (C908),E06-L02,
C908-E06-L02-A03.mp3,صوت,03,C908,08 - فرهنگ و هنر (C908),E06-L02,
C908-E06-L02-V01.mp4,ویدیو,01,C908,08 - فرهنگ و هنر (C908),E06-L02,
C908-E06-L02-V02.mp4,ویدیو,02,C908,08 - فرهنگ و هنر (C908),E06-L02,
C908-E06-L02-V03.mp4,ویدیو,03,C908,08 - فرهنگ و هنر (C908),E06-L02,
C908-E06-L03-A01.mp3,صوت,01,C908,08 - فرهنگ و هنر (C908),E06-L03,
C908-E06-L03-A02.mp3,صوت,02,C908,08 - فرهنگ و هنر (C908),E06-L03,
C908-E06-L03-A03.mp3,صوت,03,C908,08 - فرهنگ و هنر (C908),E06-L03,
C908-E06-L03-V01.mp4,ویدیو,01,C908,08 - فرهنگ و هنر (C908),E06-L03,
C908-E06-L03-V02.mp4,ویدیو,02,C908,08 - فرهنگ و هنر (C908),E06-L03,
C908-E06-L03-V03.mp4,ویدیو,03,C908,08 - فرهنگ و هنر (C908),E06-L03,
C908-E07-L01-A01.mp3,صوت,01,C908,08 - فرهنگ و هنر (C908),E07-L01,
C908-E07-L01-A02.mp3,صوت,02,C908,08 - فرهنگ و هنر (C908),E07-L01,
C908-E07-L01-A03.mp3,صوت,03,C908,08 - فرهنگ و هنر (C908),E07-L01,
C908-E07-L01-V01.mp4,ویدیو,01,C908,08 - فرهنگ و هنر (C908),E07-L01,
C908-E07-L01-V02.mp4,ویدیو,02,C908,08 - فرهنگ و هنر (C908),E07-L01,
C908-E07-L01-V03.mp4,ویدیو,03,C908,08 - فرهنگ و هنر (C908),E07-L01,
C908-E07-L02-A01.mp3,صوت,01,C908,08 - فرهنگ و هنر (C908),E07-L02,
C908-E07-L02-A02.mp3,صوت,02,C908,08 - فرهنگ و هنر (C908),E07-L02,
C908-E07-L02-A03.mp3,صوت,03,C908,08 - فرهنگ و هنر (C908),E07-L02,
C908-E07-L02-V01.mp4,ویدیو,01,C908,08 - فرهنگ و هنر (C908),E07-L02,
C908-E07-L02-V02.mp4,ویدیو,02,C908,08 - فرهنگ و هنر (C908),E07-L02,
C908-E07-L02-V03.mp4,ویدیو,03,C908,08 - فرهنگ و هنر (C908),E07-L02,
C908-E07-L03-A01.mp3,صوت,01,C908,08 - فرهنگ و هنر (C908),E07-L03,
C908-E07-L03-A02.mp3,صوت,02,C908,08 - فرهنگ و هنر (C908),E07-L03,
C908-E07-L03-A03.mp3,صوت,03,C908,08 - فرهنگ و هنر (C908),E07-L03,
C908-E07-L03-V01.mp4,ویدیو,01,C908,08 - فرهنگ و هنر (C908),E07-L03,
C908-E07-L03-V02.mp4,ویدیو,02,C908,08 - فرهنگ و هنر (C908),E07-L03,
C908-E07-L03-V03.mp4,ویدیو,03,C908,08 - فرهنگ و هنر (C908),E07-L03,
C908-E08-L01-A01.mp3,صوت,01,C908,08 - فرهنگ و هنر (C908),E08-L01,
C908-E08-L01-A02.mp3,صوت,02,C908,08 - فرهنگ و هنر (C908),E08-L01,
C908-E08-L01-A03.mp3,صوت,03,C908,08 - فرهنگ و هنر (C908),E08-L01,
C908-E08-L01-V01.mp4,ویدیو,01,C908,08 - فرهنگ و هنر (C908),E08-L01,
C908-E08-L01-V02.mp4,ویدیو,02,C908,08 - فرهنگ و هنر (C908),E08-L01,
C908-E08-L01-V03.mp4,ویدیو,03,C908,08 - فرهنگ و هنر (C908),E08-L01,
C908-E08-L02-A01.mp3,صوت,01,C908,08 - فرهنگ و هنر (C908),E08-L02,
C908-E08-L02-A02.mp3,صوت,02,C908,08 - فرهنگ و هنر (C908),E08-L02,
C908-E08-L02-A03.mp3,صوت,03,C908,08 - فرهنگ و هنر (C908),E08-L02,
C908-E08-L02-V01.mp4,ویدیو,01,C908,08 - فرهنگ و هنر (C908),E08-L02,
C908-E08-L02-V02.mp4,ویدیو,02,C908,08 - فرهنگ و هنر (C908),E08-L02,
C908-E08-L02-V03.mp4,ویدیو,03,C908,08 - فرهنگ و هنر (C908),E08-L02,
C908-E08-L03-A01.mp3,صوت,01,C908,08 - فرهنگ و هنر (C908),E08-L03,
C908-E08-L03-A02.mp3,صوت,02,C908,08 - فرهنگ و هنر (C908),E08-L03,
C908-E08-L03-A03.mp3,صوت,03,C908,08 - فرهنگ و هنر (C908),E08-L03,
C908-E08-L03-V01.mp4,ویدیو,01,C908,08 - فرهنگ و هنر (C908),E08-L03,
C908-E08-L03-V02.mp4,ویدیو,02,C908,08 - فرهنگ و هنر (C908),E08-L03,
C908-E08-L03-V03.mp4,ویدیو,03,C908,08 - فرهنگ و هنر (C908),E08-L03,
C908-E08-L04-A01.mp3,صوت,01,C908,08 - فرهنگ و هنر (C908),E08-L04,
C908-E08-L04-A02.mp3,صوت,02,C908,08 - فرهنگ و هنر (C908),E08-L04,
C908-E08-L04-A03.mp3,صوت,03,C908,08 - فرهنگ و هنر (C908),E08-L04,
C908-E08-L04-V01.mp4,ویدیو,01,C908,08 - فرهنگ و هنر (C908),E08-L04,
C908-E08-L04-V02.mp4,ویدیو,02,C908,08 - فرهنگ و هنر (C908),E08-L04,
C908-E08-L04-V03.mp4,ویدیو,03,C908,08 - فرهنگ و هنر (C908),E08-L04,
C908-E08-L05-A01.mp3,صوت,01,C908,08 - فرهنگ و هنر (C908),E08-L05,
C908-E08-L05-A02.mp3,صوت,02,C908,08 - فرهنگ و هنر (C908),E08-L05,
C908-E08-L05-A03.mp3,صوت,03,C908,08 - فرهنگ و هنر (C908),E08-L05,
C908-E08-L05-V01.mp4,ویدیو,01,C908,08 - فرهنگ و هنر (C908),E08-L05,
C908-E08-L05-V02.mp4,ویدیو,02,C908,08 - فرهنگ و هنر (C908),E08-L05,
C908-E08-L05-V03.mp4,ویدیو,03,C908,08 - فرهنگ و هنر (C908),E08-L05,
C908-E09-L01-A01.mp3,صوت,01,C908,08 - فرهنگ و هنر (C908),E09-L01,
C908-E09-L01-A02.mp3,صوت,02,C908,08 - فرهنگ و هنر (C908),E09-L01,
C908-E09-L01-A03.mp3,صوت,03,C908,08 - فرهنگ و هنر (C908),E09-L01,
C908-E09-L01-V01.mp4,ویدیو,01,C908,08 - فرهنگ و هنر (C908),E09-L01,
C908-E09-L01-V02.mp4,ویدیو,02,C908,08 - فرهنگ و هنر (C908),E09-L01,
C908-E09-L01-V03.mp4,ویدیو,03,C908,08 - فرهنگ و هنر (C908),E09-L01,
C908-E09-L02-A01.mp3,صوت,01,C908,08 - فرهنگ و هنر (C908),E09-L02,
C908-E09-L02-A02.mp3,صوت,02,C908,08 - فرهنگ و هنر (C908),E09-L02,
C908-E09-L02-A03.mp3,صوت,03,C908,08 - فرهنگ و هنر (C908),E09-L02,
C908-E09-L02-V01.mp4,ویدیو,01,C908,08 - فرهنگ و هنر (C908),E09-L02,
C908-E09-L02-V02.mp4,ویدیو,02,C908,08 - فرهنگ و هنر (C908),E09-L02,
C908-E09-L02-V03.mp4,ویدیو,03,C908,08 - فرهنگ و هنر (C908),E09-L02,
C908-E09-L03-A01.mp3,صوت,01,C908,08 - فرهنگ و هنر (C908),E09-L03,
C908-E09-L03-A02.mp3,صوت,02,C908,08 - فرهنگ و هنر (C908),E09-L03,
C908-E09-L03-A03.mp3,صوت,03,C908,08 - فرهنگ و هنر (C908),E09-L03,
C908-E09-L03-V01.mp4,ویدیو,01,C908,08 - فرهنگ و هنر (C908),E09-L03,
C908-E09-L03-V02.mp4,ویدیو,02,C908,08 - فرهنگ و هنر (C908),E09-L03,
C908-E09-L03-V03.mp4,ویدیو,03,C908,08 - فرهنگ و هنر (C908),E09-L03,
C909-L01-A01.mp3,صوت,01,C909,School-books-9,L01,
C909-L01-A02.mp3,صوت,02,C909,School-books-9,L01,
C909-L01-A03.mp3,صوت,03,C909,School-books-9,L01,
C909-L01-V01.mp4,ویدیو,01,C909,School-books-9,L01,
C909-L01-V02.mp4,ویدیو,02,C909,School-books-9,L01,
C909-L01-V03.mp4,ویدیو,03,C909,School-books-9,L01,
C909-L02-A01.mp3,صوت,01,C909,School-books-9,L02,
C909-L02-A02.mp3,صوت,02,C909,School-books-9,L02,
C909-L02-A03.mp3,صوت,03,C909,School-books-9,L02,
C909-L02-V01.mp4,ویدیو,01,C909,School-books-9,L02,
C909-L02-V02.mp4,ویدیو,02,C909,School-books-9,L02,
C909-L02-V03.mp4,ویدیو,03,C909,School-books-9,L02,
C909-L03-A01.mp3,صوت,01,C909,School-books-9,L03,
C909-L03-A02.mp3,صوت,02,C909,School-books-9,L03,
C909-L03-A03.mp3,صوت,03,C909,School-books-9,L03,
C909-L03-V01.mp4,ویدیو,01,C909,School-books-9,L03,
C909-L03-V02.mp4,ویدیو,02,C909,School-books-9,L03,
C909-L03-V03.mp4,ویدیو,03,C909,School-books-9,L03,
C909-L04-A01.mp3,صوت,01,C909,School-books-9,L04,
C909-L04-A02.mp3,صوت,02,C909,School-books-9,L04,
C909-L04-A03.mp3,صوت,03,C909,School-books-9,L04,
C909-L04-V01.mp4,ویدیو,01,C909,School-books-9,L04,
C909-L04-V02.mp4,ویدیو,02,C909,School-books-9,L04,
C909-L04-V03.mp4,ویدیو,03,C909,School-books-9,L04,
C909-L05-A01.mp3,صوت,01,C909,School-books-9,L05,
C909-L05-A02.mp3,صوت,02,C909,School-books-9,L05,
C909-L05-A03.mp3,صوت,03,C909,School-books-9,L05,
C909-L05-V01.mp4,ویدیو,01,C909,School-books-9,L05,
C909-L05-V02.mp4,ویدیو,02,C909,School-books-9,L05,
C909-L05-V03.mp4,ویدیو,03,C909,School-books-9,L05,
C909-L06-A01.mp3,صوت,01,C909,School-books-9,L06,
C909-L06-A02.mp3,صوت,02,C909,School-books-9,L06,
C909-L06-A03.mp3,صوت,03,C909,School-books-9,L06,
C909-L06-V01.mp4,ویدیو,01,C909,School-books-9,L06,
C909-L06-V02.mp4,ویدیو,02,C909,School-books-9,L06,
C909-L06-V03.mp4,ویدیو,03,C909,School-books-9,L06,
C909-L07-A01.mp3,صوت,01,C909,School-books-9,L07,
C909-L07-A02.mp3,صوت,02,C909,School-books-9,L07,
C909-L07-A03.mp3,صوت,03,C909,School-books-9,L07,
C909-L07-V01.mp4,ویدیو,01,C909,School-books-9,L07,
C909-L07-V02.mp4,ویدیو,02,C909,School-books-9,L07,
C909-L07-V03.mp4,ویدیو,03,C909,School-books-9,L07,
C909-L08-A01.mp3,صوت,01,C909,School-books-9,L08,
C909-L08-A02.mp3,صوت,02,C909,School-books-9,L08,
C909-L08-A03.mp3,صوت,03,C909,School-books-9,L08,
C909-L08-V01.mp4,ویدیو,01,C909,School-books-9,L08,
C909-L08-V02.mp4,ویدیو,02,C909,School-books-9,L08,
C909-L08-V03.mp4,ویدیو,03,C909,School-books-9,L08,
C909-L09-A01.mp3,صوت,01,C909,School-books-9,L09,
C909-L09-A02.mp3,صوت,02,C909,School-books-9,L09,
C909-L09-A03.mp3,صوت,03,C909,School-books-9,L09,
C909-L09-V01.mp4,ویدیو,01,C909,School-books-9,L09,
C909-L09-V02.mp4,ویدیو,02,C909,School-books-9,L09,
C909-L09-V03.mp4,ویدیو,03,C909,School-books-9,L09,
C909-L10-A01.mp3,صوت,01,C909,School-books-9,L10,
C909-L10-A02.mp3,صوت,02,C909,School-books-9,L10,
C909-L10-A03.mp3,صوت,03,C909,School-books-9,L10,
C909-L10-V01.mp4,ویدیو,01,C909,School-books-9,L10,
C909-L10-V02.mp4,ویدیو,02,C909,School-books-9,L10,
C909-L10-V03.mp4,ویدیو,03,C909,School-books-9,L10,
C910-L01-A01.mp3,صوت,01,C910,School-books-9,L01,
C910-L01-A02.mp3,صوت,02,C910,School-books-9,L01,
C910-L01-A03.mp3,صوت,03,C910,School-books-9,L01,
C910-L01-V01.mp4,ویدیو,01,C910,School-books-9,L01,
C910-L01-V02.mp4,ویدیو,02,C910,School-books-9,L01,
C910-L01-V03.mp4,ویدیو,03,C910,School-books-9,L01,
C910-L02-A01.mp3,صوت,01,C910,School-books-9,L02,
C910-L02-A02.mp3,صوت,02,C910,School-books-9,L02,
C910-L02-A03.mp3,صوت,03,C910,School-books-9,L02,
C910-L02-V01.mp4,ویدیو,01,C910,School-books-9,L02,
C910-L02-V02.mp4,ویدیو,02,C910,School-books-9,L02,
C910-L02-V03.mp4,ویدیو,03,C910,School-books-9,L02,
C910-L03-A01.mp3,صوت,01,C910,School-books-9,L03,
C910-L03-A02.mp3,صوت,02,C910,School-books-9,L03,
C910-L03-A03.mp3,صوت,03,C910,School-books-9,L03,
C910-L03-V01.mp4,ویدیو,01,C910,School-books-9,L03,
C910-L03-V02.mp4,ویدیو,02,C910,School-books-9,L03,
C910-L03-V03.mp4,ویدیو,03,C910,School-books-9,L03,
C910-L04-A01.mp3,صوت,01,C910,School-books-9,L04,
C910-L04-A02.mp3,صوت,02,C910,School-books-9,L04,
C910-L04-A03.mp3,صوت,03,C910,School-books-9,L04,
C910-L04-V01.mp4,ویدیو,01,C910,School-books-9,L04,
C910-L04-V02.mp4,ویدیو,02,C910,School-books-9,L04,
C910-L04-V03.mp4,ویدیو,03,C910,School-books-9,L04,
C910-L05-A01.mp3,صوت,01,C910,School-books-9,L05,
C910-L05-A02.mp3,صوت,02,C910,School-books-9,L05,
C910-L05-A03.mp3,صوت,03,C910,School-books-9,L05,
C910-L05-V01.mp4,ویدیو,01,C910,School-books-9,L05,
C910-L05-V02.mp4,ویدیو,02,C910,School-books-9,L05,
C910-L05-V03.mp4,ویدیو,03,C910,School-books-9,L05,
C910-L06-A01.mp3,صوت,01,C910,School-books-9,L06,
C910-L06-A02.mp3,صوت,02,C910,School-books-9,L06,
C910-L06-A03.mp3,صوت,03,C910,School-books-9,L06,
C910-L06-V01.mp4,ویدیو,01,C910,School-books-9,L06,
C910-L06-V02.mp4,ویدیو,02,C910,School-books-9,L06,
C910-L06-V03.mp4,ویدیو,03,C910,School-books-9,L06,
C910-L07-A01.mp3,صوت,01,C910,School-books-9,L07,
C910-L07-A02.mp3,صوت,02,C910,School-books-9,L07,
C910-L07-A03.mp3,صوت,03,C910,School-books-9,L07,
C910-L07-V01.mp4,ویدیو,01,C910,School-books-9,L07,
C910-L07-V02.mp4,ویدیو,02,C910,School-books-9,L07,
C910-L07-V03.mp4,ویدیو,03,C910,School-books-9,L07,
C910-L08-A01.mp3,صوت,01,C910,School-books-9,L08,
C910-L08-A02.mp3,صوت,02,C910,School-books-9,L08,
C910-L08-A03.mp3,صوت,03,C910,School-books-9,L08,
C910-L08-V01.mp4,ویدیو,01,C910,School-books-9,L08,
C910-L08-V02.mp4,ویدیو,02,C910,School-books-9,L08,
C910-L08-V03.mp4,ویدیو,03,C910,School-books-9,L08,
C910-L09-A01.mp3,صوت,01,C910,School-books-9,L09,
C910-L09-A02.mp3,صوت,02,C910,School-books-9,L09,
C910-L09-A03.mp3,صوت,03,C910,School-books-9,L09,
C910-L09-V01.mp4,ویدیو,01,C910,School-books-9,L09,
C910-L09-V02.mp4,ویدیو,02,C910,School-books-9,L09,
C910-L09-V03.mp4,ویدیو,03,C910,School-books-9,L09,
C911-L01-A01.mp3,صوت,01,C911,School-books-9,L01,
C911-L01-A02.mp3,صوت,02,C911,School-books-9,L01,
C911-L01-A03.mp3,صوت,03,C911,School-books-9,L01,
C911-L01-V01.mp4,ویدیو,01,C911,School-books-9,L01,
C911-L01-V02.mp4,ویدیو,02,C911,School-books-9,L01,
C911-L01-V03.mp4,ویدیو,03,C911,School-books-9,L01,
C911-L02-A01.mp3,صوت,01,C911,School-books-9,L02,
C911-L02-A02.mp3,صوت,02,C911,School-books-9,L02,
C911-L02-A03.mp3,صوت,03,C911,School-books-9,L02,
C911-L02-V01.mp4,ویدیو,01,C911,School-books-9,L02,
C911-L02-V02.mp4,ویدیو,02,C911,School-books-9,L02,
C911-L02-V03.mp4,ویدیو,03,C911,School-books-9,L02,
C911-L03-A01.mp3,صوت,01,C911,School-books-9,L03,
C911-L03-A02.mp3,صوت,02,C911,School-books-9,L03,
C911-L03-A03.mp3,صوت,03,C911,School-books-9,L03,
C911-L03-V01.mp4,ویدیو,01,C911,School-books-9,L03,
C911-L03-V02.mp4,ویدیو,02,C911,School-books-9,L03,
C911-L03-V03.mp4,ویدیو,03,C911,School-books-9,L03,
C911-L04-A01.mp3,صوت,01,C911,School-books-9,L04,
C911-L04-A02.mp3,صوت,02,C911,School-books-9,L04,
C911-L04-A03.mp3,صوت,03,C911,School-books-9,L04,
C911-L04-V01.mp4,ویدیو,01,C911,School-books-9,L04,
C911-L04-V02.mp4,ویدیو,02,C911,School-books-9,L04,
C911-L04-V03.mp4,ویدیو,03,C911,School-books-9,L04,
C911-L05-A01.mp3,صوت,01,C911,School-books-9,L05,
C911-L05-A02.mp3,صوت,02,C911,School-books-9,L05,
C911-L05-A03.mp3,صوت,03,C911,School-books-9,L05,
C911-L05-V01.mp4,ویدیو,01,C911,School-books-9,L05,
C911-L05-V02.mp4,ویدیو,02,C911,School-books-9,L05,
C911-L05-V03.mp4,ویدیو,03,C911,School-books-9,L05,
C911-L06-A01.mp3,صوت,01,C911,School-books-9,L06,
C911-L06-A02.mp3,صوت,02,C911,School-books-9,L06,
C911-L06-A03.mp3,صوت,03,C911,School-books-9,L06,
C911-L06-V01.mp4,ویدیو,01,C911,School-books-9,L06,
C911-L06-V02.mp4,ویدیو,02,C911,School-books-9,L06,
C911-L06-V03.mp4,ویدیو,03,C911,School-books-9,L06,
C917-E01-L01-A01.mp3,صوت,01,C917,12 - کار و فناوری (C917),E01-L01,
C917-E01-L01-A02.mp3,صوت,02,C917,12 - کار و فناوری (C917),E01-L01,
C917-E01-L01-A03.mp3,صوت,03,C917,12 - کار و فناوری (C917),E01-L01,
C917-E01-L01-V01.mp4,ویدیو,01,C917,12 - کار و فناوری (C917),E01-L01,
C917-E01-L01-V02.mp4,ویدیو,02,C917,12 - کار و فناوری (C917),E01-L01,
C917-E01-L01-V03.mp4,ویدیو,03,C917,12 - کار و فناوری (C917),E01-L01,
C917-E01-L02-A01.mp3,صوت,01,C917,12 - کار و فناوری (C917),E01-L02,
C917-E01-L02-A02.mp3,صوت,02,C917,12 - کار و فناوری (C917),E01-L02,
C917-E01-L02-A03.mp3,صوت,03,C917,12 - کار و فناوری (C917),E01-L02,
C917-E01-L02-V01.mp4,ویدیو,01,C917,12 - کار و فناوری (C917),E01-L02,
C917-E01-L02-V02.mp4,ویدیو,02,C917,12 - کار و فناوری (C917),E01-L02,
C917-E01-L02-V03.mp4,ویدیو,03,C917,12 - کار و فناوری (C917),E01-L02,
C917-E01-L03-A01.mp3,صوت,01,C917,12 - کار و فناوری (C917),E01-L03,
C917-E01-L03-A02.mp3,صوت,02,C917,12 - کار و فناوری (C917),E01-L03,
C917-E01-L03-A03.mp3,صوت,03,C917,12 - کار و فناوری (C917),E01-L03,
C917-E01-L03-V01.mp4,ویدیو,01,C917,12 - کار و فناوری (C917),E01-L03,
C917-E01-L03-V02.mp4,ویدیو,02,C917,12 - کار و فناوری (C917),E01-L03,
C917-E01-L03-V03.mp4,ویدیو,03,C917,12 - کار و فناوری (C917),E01-L03,
C917-E01-L04-A01.mp3,صوت,01,C917,12 - کار و فناوری (C917),E01-L04,
C917-E01-L04-A02.mp3,صوت,02,C917,12 - کار و فناوری (C917),E01-L04,
C917-E01-L04-A03.mp3,صوت,03,C917,12 - کار و فناوری (C917),E01-L04,
C917-E01-L04-V01.mp4,ویدیو,01,C917,12 - کار و فناوری (C917),E01-L04,
C917-E01-L04-V02.mp4,ویدیو,02,C917,12 - کار و فناوری (C917),E01-L04,
C917-E01-L04-V03.mp4,ویدیو,03,C917,12 - کار و فناوری (C917),E01-L04,
C917-E01-L05-A01.mp3,صوت,01,C917,12 - کار و فناوری (C917),E01-L05,
C917-E01-L05-A02.mp3,صوت,02,C917,12 - کار و فناوری (C917),E01-L05,
C917-E01-L05-A03.mp3,صوت,03,C917,12 - کار و فناوری (C917),E01-L05,
C917-E01-L05-V01.mp4,ویدیو,01,C917,12 - کار و فناوری (C917),E01-L05,
C917-E01-L05-V02.mp4,ویدیو,02,C917,12 - کار و فناوری (C917),E01-L05,
C917-E01-L05-V03.mp4,ویدیو,03,C917,12 - کار و فناوری (C917),E01-L05,
C917-E02-L01-A01.mp3,صوت,01,C917,12 - کار و فناوری (C917),E02-L01,
C917-E02-L01-A02.mp3,صوت,02,C917,12 - کار و فناوری (C917),E02-L01,
C917-E02-L01-A03.mp3,صوت,03,C917,12 - کار و فناوری (C917),E02-L01,
C917-E02-L01-V01.mp4,ویدیو,01,C917,12 - کار و فناوری (C917),E02-L01,
C917-E02-L01-V02.mp4,ویدیو,02,C917,12 - کار و فناوری (C917),E02-L01,
C917-E02-L01-V03.mp4,ویدیو,03,C917,12 - کار و فناوری (C917),E02-L01,
C917-E02-L02-A01.mp3,صوت,01,C917,12 - کار و فناوری (C917),E02-L02,
C917-E02-L02-A02.mp3,صوت,02,C917,12 - کار و فناوری (C917),E02-L02,
C917-E02-L02-A03.mp3,صوت,03,C917,12 - کار و فناوری (C917),E02-L02,
C917-E02-L02-V01.mp4,ویدیو,01,C917,12 - کار و فناوری (C917),E02-L02,
C917-E02-L02-V02.mp4,ویدیو,02,C917,12 - کار و فناوری (C917),E02-L02,
C917-E02-L02-V03.mp4,ویدیو,03,C917,12 - کار و فناوری (C917),E02-L02,
C917-E02-L03-A01.mp3,صوت,01,C917,12 - کار و فناوری (C917),E02-L03,
C917-E02-L03-A02.mp3,صوت,02,C917,12 - کار و فناوری (C917),E02-L03,
C917-E02-L03-A03.mp3,صوت,03,C917,12 - کار و فناوری (C917),E02-L03,
C917-E02-L03-V01.mp4,ویدیو,01,C917,12 - کار و فناوری (C917),E02-L03,
C917-E02-L03-V02.mp4,ویدیو,02,C917,12 - کار و فناوری (C917),E02-L03,
C917-E02-L03-V03.mp4,ویدیو,03,C917,12 - کار و فناوری (C917),E02-L03,
C917-E02-L04-A01.mp3,صوت,01,C917,12 - کار و فناوری (C917),E02-L04,
C917-E02-L04-A02.mp3,صوت,02,C917,12 - کار و فناوری (C917),E02-L04,
C917-E02-L04-A03.mp3,صوت,03,C917,12 - کار و فناوری (C917),E02-L04,
C917-E02-L04-V01.mp4,ویدیو,01,C917,12 - کار و فناوری (C917),E02-L04,
C917-E02-L04-V02.mp4,ویدیو,02,C917,12 - کار و فناوری (C917),E02-L04,
C917-E02-L04-V03.mp4,ویدیو,03,C917,12 - کار و فناوری (C917),E02-L04,
C917-E02-L05-A01.mp3,صوت,01,C917,12 - کار و فناوری (C917),E02-L05,
C917-E02-L05-A02.mp3,صوت,02,C917,12 - کار و فناوری (C917),E02-L05,
C917-E02-L05-A03.mp3,صوت,03,C917,12 - کار و فناوری (C917),E02-L05,
C917-E02-L05-V01.mp4,ویدیو,01,C917,12 - کار و فناوری (C917),E02-L05,
C917-E02-L05-V02.mp4,ویدیو,02,C917,12 - کار و فناوری (C917),E02-L05,
C917-E02-L05-V03.mp4,ویدیو,03,C917,12 - کار و فناوری (C917),E02-L05,
C917-E02-L06-A01.mp3,صوت,01,C917,12 - کار و فناوری (C917),E02-L06,
C917-E02-L06-A02.mp3,صوت,02,C917,12 - کار و فناوری (C917),E02-L06,
C917-E02-L06-A03.mp3,صوت,03,C917,12 - کار و فناوری (C917),E02-L06,
C917-E02-L06-V01.mp4,ویدیو,01,C917,12 - کار و فناوری (C917),E02-L06,
C917-E02-L06-V02.mp4,ویدیو,02,C917,12 - کار و فناوری (C917),E02-L06,
C917-E02-L06-V03.mp4,ویدیو,03,C917,12 - کار و فناوری (C917),E02-L06,
C941-L01-A01.mp3,صوت,01,C941,School-books-9,L01,
C941-L01-A02.mp3,صوت,02,C941,School-books-9,L01,
C941-L01-A03.mp3,صوت,03,C941,School-books-9,L01,
C941-L01-V01.mp4,ویدیو,01,C941,School-books-9,L01,
C941-L01-V02.mp4,ویدیو,02,C941,School-books-9,L01,
C941-L01-V03.mp4,ویدیو,03,C941,School-books-9,L01,
C941-L02-A01.mp3,صوت,01,C941,School-books-9,L02,
C941-L02-A02.mp3,صوت,02,C941,School-books-9,L02,
C941-L02-A03.mp3,صوت,03,C941,School-books-9,L02,
C941-L02-V01.mp4,ویدیو,01,C941,School-books-9,L02,
C941-L02-V02.mp4,ویدیو,02,C941,School-books-9,L02,
C941-L02-V03.mp4,ویدیو,03,C941,School-books-9,L02,
C941-L03-A01.mp3,صوت,01,C941,School-books-9,L03,
C941-L03-A02.mp3,صوت,02,C941,School-books-9,L03,
C941-L03-A03.mp3,صوت,03,C941,School-books-9,L03,
C941-L03-V01.mp4,ویدیو,01,C941,School-books-9,L03,
C941-L03-V02.mp4,ویدیو,02,C941,School-books-9,L03,
C941-L03-V03.mp4,ویدیو,03,C941,School-books-9,L03,
C941-L04-A01.mp3,صوت,01,C941,School-books-9,L04,
C941-L04-A02.mp3,صوت,02,C941,School-books-9,L04,
C941-L04-A03.mp3,صوت,03,C941,School-books-9,L04,
C941-L04-V01.mp4,ویدیو,01,C941,School-books-9,L04,
C941-L04-V02.mp4,ویدیو,02,C941,School-books-9,L04,
C941-L04-V03.mp4,ویدیو,03,C941,School-books-9,L04,
C941-L05-A01.mp3,صوت,01,C941,School-books-9,L05,
C941-L05-A02.mp3,صوت,02,C941,School-books-9,L05,
C941-L05-A03.mp3,صوت,03,C941,School-books-9,L05,
C941-L05-V01.mp4,ویدیو,01,C941,School-books-9,L05,
C941-L05-V02.mp4,ویدیو,02,C941,School-books-9,L05,
C941-L05-V03.mp4,ویدیو,03,C941,School-books-9,L05,
C941-L06-A01.mp3,صوت,01,C941,School-books-9,L06,
C941-L06-A02.mp3,صوت,02,C941,School-books-9,L06,
C941-L06-A03.mp3,صوت,03,C941,School-books-9,L06,
C941-L06-V01.mp4,ویدیو,01,C941,School-books-9,L06,
C941-L06-V02.mp4,ویدیو,02,C941,School-books-9,L06,
C941-L06-V03.mp4,ویدیو,03,C941,School-books-9,L06,
C941-L07-A01.mp3,صوت,01,C941,School-books-9,L07,
C941-L07-A02.mp3,صوت,02,C941,School-books-9,L07,
C941-L07-A03.mp3,صوت,03,C941,School-books-9,L07,
C941-L07-V01.mp4,ویدیو,01,C941,School-books-9,L07,
C941-L07-V02.mp4,ویدیو,02,C941,School-books-9,L07,
C941-L07-V03.mp4,ویدیو,03,C941,School-books-9,L07,
C941-L08-A01.mp3,صوت,01,C941,School-books-9,L08,
C941-L08-A02.mp3,صوت,02,C941,School-books-9,L08,
C941-L08-A03.mp3,صوت,03,C941,School-books-9,L08,
C941-L08-V01.mp4,ویدیو,01,C941,School-books-9,L08,
C941-L08-V02.mp4,ویدیو,02,C941,School-books-9,L08,
C941-L08-V03.mp4,ویدیو,03,C941,School-books-9,L08,
C941-L09-A01.mp3,صوت,01,C941,School-books-9,L09,
C941-L09-A02.mp3,صوت,02,C941,School-books-9,L09,
C941-L09-A03.mp3,صوت,03,C941,School-books-9,L09,
C941-L09-V01.mp4,ویدیو,01,C941,School-books-9,L09,
C941-L09-V02.mp4,ویدیو,02,C941,School-books-9,L09,
C941-L09-V03.mp4,ویدیو,03,C941,School-books-9,L09,
C941-L10-A01.mp3,صوت,01,C941,School-books-9,L10,
C941-L10-A02.mp3,صوت,02,C941,School-books-9,L10,
C941-L10-A03.mp3,صوت,03,C941,School-books-9,L10,
C941-L10-V01.mp4,ویدیو,01,C941,School-books-9,L10,
C941-L10-V02.mp4,ویدیو,02,C941,School-books-9,L10,
C941-L10-V03.mp4,ویدیو,03,C941,School-books-9,L10,
C941-L11-A01.mp3,صوت,01,C941,School-books-9,L11,
C941-L11-A02.mp3,صوت,02,C941,School-books-9,L11,
C941-L11-A03.mp3,صوت,03,C941,School-books-9,L11,
C941-L11-V01.mp4,ویدیو,01,C941,School-books-9,L11,
C941-L11-V02.mp4,ویدیو,02,C941,School-books-9,L11,
C941-L11-V03.mp4,ویدیو,03,C941,School-books-9,L11,
C941-L12-A01.mp3,صوت,01,C941,School-books-9,L12,
C941-L12-A02.mp3,صوت,02,C941,School-books-9,L12,
C941-L12-A03.mp3,صوت,03,C941,School-books-9,L12,
C941-L12-V01.mp4,ویدیو,01,C941,School-books-9,L12,
C941-L12-V02.mp4,ویدیو,02,C941,School-books-9,L12,
C941-L12-V03.mp4,ویدیو,03,C941,School-books-9,L12,
